groupID,subjectID,Type,condition_label,mean_RT_self,mean_RT_stranger,sd_RT_self,sd_RT_stranger,mean_ACC_self,mean_ACC_stranger,sd_ACC_self,sd_ACC_stranger,n_self,n_stranger,cohen_d_RT,cohen_d_ACC
1,1,empirical,"P=0,T=30,W=300",260.503700000118,247.348695238456,32.5312915241742,23.6782287095815,0.146153846153846,0.0846153846153846,0.354626967707481,0.279385132880504,130,130,-0.462370554592402,0.192771192796542
1,1,simulated,"P=0,T=30,W=300",277.753846153846,279.992307692308,25.8568094995405,28.6130279195736,0.676923076923077,0.592307692307692,0.469460924815308,0.49330641838617,130,130,0.0820858445439616,0.175721463851832
1,2,empirical,"P=0,T=30,W=300",272.660907843708,272.025239474284,33.961074963925,32.2421208554273,0.176923076923077,0.146153846153846,0.383079820762894,0.354626967707481,130,130,-0.0191970854265252,0.0833566146012309
1,2,simulated,"P=0,T=30,W=300",267.592307692308,269.561538461539,31.5827192848237,31.2042542930749,0.653846153846154,0.615384615384615,0.477583361959723,0.488386290505504,130,130,0.0627262275293465,0.0796280367207306
1,3,empirical,"P=0,T=30,W=300",268.350152174484,274.72596087002,31.7984977915007,35.9950398688561,0.130769230769231,0.130769230769231,0.338452051691192,0.338452051691192,130,130,0.187735539177273,0
1,3,simulated,"P=0,T=30,W=300",203.976923076923,203.992307692308,3.07141202942589,3.16594317442075,0.592307692307692,0.546153846153846,0.493306418386169,0.499791250400946,130,130,0.00493249087550934,0.0929472772803355
1,4,empirical,"P=0,T=30,W=300",255.121315516339,251.747685713261,27.9764781511183,26.9785819370302,0.346153846153846,0.284615384615385,0.477583361959723,0.452976638934497,130,130,-0.122757531177235,0.132214920152163
1,4,simulated,"P=0,T=30,W=300",208.276923076923,208.376923076923,5.78157375723221,6.72639759214994,0.492307692307692,0.523076923076923,0.501874839181977,0.501399353675719,130,130,0.015944378969457,-0.0613376234187814
1,5,empirical,"P=0,T=30,W=300",263.946539468107,258.41965161324,32.8279451689026,30.4497311432352,0.253846153846154,0.238461538461538,0.436894226667245,0.427791265369335,130,130,-0.174563569066319,0.0355823315528071
1,5,simulated,"P=0,T=30,W=300",276.430769230769,277.207692307692,28.9832719627592,26.4322143581196,0.676923076923077,0.492307692307692,0.469460924815308,0.501874839181977,130,130,0.0280102619324715,0.379915338379045
1,6,empirical,"P=0,T=30,W=300",264.915541682664,257.082469566502,35.4521930321788,29.8620715263215,0.0692307692307692,0.138461538461538,0.25482815423968,0.346719871152315,130,130,-0.238984208644771,-0.227535876843271
1,6,simulated,"P=0,T=30,W=300",244.492307692308,242.284615384615,31.0026870938049,27.5678822830455,0.561538461538462,0.469230769230769,0.498118104264505,0.500982933662524,130,130,-0.0752564249879606,0.184780736538021
1,7,empirical,"P=0,T=30,W=300",239.079338096503,242.030980005317,15.6880720985301,21.4752445846367,0.0846153846153846,0.138461538461538,0.279385132880504,0.346719871152315,130,130,0.156955415093232,-0.171017436429018
1,7,simulated,"P=0,T=30,W=300",215.284615384615,216.107692307692,11.7626623939953,12.9586379283803,0.561538461538462,0.5,0.498118104264505,0.50193424319937,130,130,0.066510693922799,0.123069584620423
1,8,empirical,"P=0,T=30,W=300",259.75573200034,260.161999998672,29.769487993222,32.5889892637733,0.161538461538462,0.184615384615385,0.369450590497999,0.389486152934055,130,130,0.0130167822059288,-0.0607926442523019
1,8,simulated,"P=0,T=30,W=300",258.176923076923,261.292307692308,29.9072119026914,31.7198116639683,0.576923076923077,0.569230769230769,0.495958622545552,0.497099518033222,130,130,0.101060793278924,0.0154921495558665
1,9,empirical,"P=0,T=30,W=300",255.326346518623,263.959090000717,26.1178813754756,31.2661882585884,0.253846153846154,0.307692307692308,0.436894226667245,0.463323916799418,130,130,0.299672332779535,-0.119577599124353
1,10,empirical,"P=0,T=30,W=300",254.807953186521,262.822600003512,26.1611428929094,32.633421325175,0.176923076923077,0.176923076923077,0.383079820762893,0.383079820762893,130,130,0.270995188569498,0
1,11,empirical,"P=0,T=30,W=300",255.227245449681,259.036236741979,28.6572483523063,29.9810388768236,0.246153846153846,0.184615384615385,0.432435655679457,0.389486152934055,130,130,0.129881727726193,0.149538836054799
2,1,empirical,"P=0,T=30,W=600",368.490375609459,381.787488000215,122.517023674262,128.29003065678,0.276923076923077,0.276923076923077,0.449209203785555,0.449209203785555,130,130,0.10600651817463,0
2,1,simulated,"P=0,T=30,W=600",517.692307692308,527.315384615385,71.0906012337817,70.1564182188116,0.869230769230769,0.592307692307692,0.338452051691192,0.493306418386169,130,130,0.136255851595406,0.654625143409668
2,2,empirical,"P=0,T=30,W=600",456.425923529691,422.424044444698,150.211960402179,141.08744015264,0.0923076923076923,0.0461538461538462,0.290579582453446,0.210629858728988,130,130,-0.233335259890258,0.18187062180826
2,2,simulated,"P=0,T=30,W=600",502.807692307693,512.253846153846,84.2158629254412,72.8803108786907,0.884615384615385,0.507692307692308,0.320721458628893,0.501874839181977,130,130,0.119947648152774,0.894977819898832
2,3,empirical,"P=0,T=30,W=600",528.769977108845,541.322210449169,62.0013857892566,72.7237465142442,0.607692307692308,0.0846153846153846,0.490153493537679,0.279385132880504,130,130,0.185751055602525,1.31116637992483
2,3,simulated,"P=0,T=30,W=600",497.046153846154,488.769230769231,92.582823723725,91.3296727434995,0.853846153846154,0.6,0.35462696770748,0.491793112107397,130,130,-0.0900072708509562,0.592087068881293
2,4,empirical,"P=0,T=30,W=600",428.178607410734,420.108174999768,134.221344628086,129.451948301708,0.123076923076923,0.0615384615384615,0.329796381047002,0.241245031401497,130,130,-0.0612053832185454,0.212985063707851
2,4,simulated,"P=0,T=30,W=600",439.653846153846,460.207692307693,91.6078355149171,101.325149824125,0.738461538461539,0.646153846153846,0.441172612140691,0.480011925910284,130,130,0.212797469721555,0.200232964551894
2,5,empirical,"P=0,T=30,W=600",388.961717474514,369.778776841581,138.113869331478,127.005230517964,0.484615384615385,0.4,0.501696584926956,0.491793112107397,130,130,-0.144585006911899,0.170331269933833
2,5,simulated,"P=0,T=30,W=600",432.315384615385,431.653846153846,99.2831698904419,97.0770262013634,0.784615384615385,0.538461538461538,0.412679190764644,0.500447027357954,130,130,-0.00673758455980441,0.536671915754497
2,6,empirical,"P=0,T=30,W=600",517.451100002745,561.357250000583,78.7079517334103,46.7636544244807,0.453846153846154,0.107692307692308,0.499791250400946,0.31119060801061,130,130,0.678222508532825,0.831477552714761
2,6,simulated,"P=0,T=30,W=600",485.923076923077,508.061538461539,79.3106555481823,79.7851527683313,0.815384615384615,0.538461538461538,0.389486152934055,0.500447027357954,130,130,0.278302279760625,0.617563893763087
2,7,empirical,"P=0,T=30,W=600",275.491656383197,264.817047126902,78.402344518272,70.6855152745494,0.484615384615385,0.392307692307692,0.501696584926956,0.490153493537679,130,130,-0.143007467208922,0.186119744897094
2,7,simulated,"P=0,T=30,W=600",491.161538461539,499.976923076923,87.3777155567103,80.6928779298316,0.823076923076923,0.592307692307692,0.383079820762893,0.493306418386169,130,130,0.104818098843371,0.522521496086518
2,8,empirical,"P=0,T=30,W=600",483.477599996453,532.577910346124,114.999960013297,76.86779974545,0.146153846153846,0.0769230769230769,0.354626967707481,0.267500188086136,130,130,0.5019960832704,0.220410511636183
2,8,simulated,"P=0,T=30,W=600",495.138461538462,509.523076923077,81.0950015995839,78.7338973702581,0.792307692307692,0.653846153846154,0.407224560379195,0.477583361959723,130,130,0.179980543417282,0.311990519501899
2,9,empirical,"P=0,T=30,W=600",500.176943929988,525.192269372129,62.7380083838113,60.6481652874777,0.7,0.530769230769231,0.460030332670297,0.500982933662524,130,130,0.405422055328494,0.351873021299683
2,10,empirical,"P=0,T=30,W=600",384.541760313339,393.178300004673,127.636911631812,129.157381005453,0.369230769230769,0.261538461538462,0.484463445528832,0.441172612140692,130,130,0.067263086088031,0.232434164927708
2,11,empirical,"P=0,T=30,W=600",538.226074193548,512.496933333333,90.9727599690734,97.9700260618483,0.146153846153846,0.0923076923076923,0.35462696770748,0.290579582453446,130,130,-0.272161914793318,0.166095037176899
2,12,empirical,"P=0,T=30,W=600",348.896486111496,309.309181967201,84.7439264636983,73.203295127141,0.4,0.392307692307692,0.491793112107397,0.490153493537679,130,130,-0.499939824266465,0.0156674444916007
3,1,empirical,"P=120,T=30,W=600",433.783661172835,446.938010258003,111.573998571095,116.527574238057,0.553846153846154,0.376923076923077,0.499015130210389,0.486490112639389,130,130,0.115310457290111,0.359021509460868
3,1,simulated,"P=120,T=30,W=600",507.615384615385,514.461538461539,78.614986106649,78.9328194232977,0.984615384615385,0.838461538461539,0.123553044479845,0.369450590497999,130,130,0.0869087308692814,0.530576345947166
3,2,empirical,"P=120,T=30,W=600",489.045907608512,492.929969410971,99.5092029812025,92.7147916480213,0.415384615384615,0.276923076923077,0.494694571570503,0.449209203785555,130,130,0.0403866102195003,0.293040579212315
3,2,simulated,"P=120,T=30,W=600",506.846153846154,529.792307692308,73.3552956758889,64.9661445706125,1,0.784615384615385,0,0.412679190764644,130,130,0.331171617326552,0.738103231323707
3,3,empirical,"P=120,T=30,W=600",260.544817857343,267.189891964474,63.6309818491199,72.8328189197596,0.4,0.515384615384615,0.491793112107397,0.501696584926956,130,130,0.0971688930420435,-0.232269913546135
3,3,simulated,"P=120,T=30,W=600",500.269230769231,513.184615384616,75.8652199894976,77.2467891122052,1,0.738461538461539,0,0.441172612140691,130,130,0.168698183026196,0.838382141618377
3,4,empirical,"P=120,T=30,W=600",510.66617887286,487.467789552487,102.841336413406,127.638203941073,0.461538461538462,0.338461538461539,0.500447027357954,0.475016868796284,130,130,-0.200150352877678,0.252259711868853
3,4,simulated,"P=120,T=30,W=600",491.069230769231,505.546153846154,85.7778985702299,82.1568844788006,0.984615384615385,0.692307692307692,0.123553044479845,0.463323916799418,130,130,0.172371186894562,0.862091297024117
3,5,empirical,"P=120,T=30,W=600",299.808189763979,290.141517829101,85.2985375659539,76.4305213981024,0.523076923076923,0.507692307692308,0.501399353675718,0.501874839181977,130,130,-0.119362256063449,0.0306688117093908
3,5,simulated,"P=120,T=30,W=600",509.215384615385,507.207692307693,78.9654015705598,84.5236259942889,1,0.769230769230769,0,0.422954934437814,130,130,-0.0245463938996818,0.771611699875407
3,6,empirical,"P=120,T=30,W=600",487.02897500132,477.171607144555,132.034691152983,123.093317818283,0.2,0.115384615384615,0.401547394559495,0.320721458628893,130,130,-0.0772264851366377,0.232850954133596
3,6,simulated,"P=120,T=30,W=600",422.9,468.715384615385,91.9728515723885,96.829766277978,0.938461538461539,0.784615384615385,0.241245031401497,0.412679190764644,130,130,0.485165228195635,0.45515091725219
3,7,empirical,"P=120,T=30,W=600",510.750057142197,474.25771499984,100.880307414011,123.144823403046,0.346153846153846,0.115384615384615,0.477583361959723,0.320721458628893,130,130,-0.324190821139457,0.567300204327057
3,7,simulated,"P=120,T=30,W=600",480.376923076923,516.192307692308,87.5571366394863,72.0824351680044,1,0.753846153846154,0,0.432435655679457,130,130,0.446609725260175,0.805007873631745
3,8,empirical,"P=120,T=30,W=600",369.375219779373,381.67441764415,124.001911276309,121.589341720186,0.323076923076923,0.238461538461538,0.469460924815308,0.427791265369335,130,130,0.100155069143344,0.188406968398433
3,8,simulated,"P=120,T=30,W=600",512.73076923077,527.707692307693,70.7024322752497,68.8014158581831,1,0.753846153846154,0,0.432435655679457,130,130,0.214697055368571,0.805007873631746
3,10,empirical,"P=120,T=30,W=600",351.344962652032,357.086972938851,123.242997850771,125.977861452364,0.315384615384615,0.223076923076923,0.466466436301249,0.417919999305988,130,130,0.046076918316692,0.208435883890009
3,12,empirical,"P=120,T=30,W=600",374.353189693023,371.243280412671,104.053181282059,105.981883744297,0.476923076923077,0.3,0.501399353675719,0.460030332670297,130,130,-0.0296119904509155,0.367701399485661
4,1,empirical,"P=120,T=80,W=600",486.525643749928,490.01396836669,124.234076430655,110.703000088862,0.553846153846154,0.561538461538462,0.499015130210389,0.498118104264505,130,130,0.0296466902673105,-0.0154288400259982
4,1,simulated,"P=120,T=80,W=600",515.992307692308,576.03076923077,82.8559501031852,70.6620890496529,1,0.853846153846154,0,0.35462696770748,130,130,0.779712412398521,0.582845553906814
4,2,empirical,"P=120,T=80,W=600",449.599381249884,463.83379444463,100.314206007534,99.3696455863817,0.684615384615385,0.323076923076923,0.466466436301249,0.469460924815308,130,130,0.14256790253623,0.772574082323103
4,2,simulated,"P=120,T=80,W=600",462.884615384616,517.023076923077,97.361361151125,102.107138244011,1,0.792307692307692,0,0.407224560379195,130,130,0.542673607816252,0.721275941867365
4,3,empirical,"P=120,T=80,W=600",522.96642381005,523.40981451679,101.484318223965,101.590824670959,0.776923076923077,0.2,0.417919999305988,0.401547394559495,130,130,0.00436676433598887,1.40776305858801
4,3,simulated,"P=120,T=80,W=600",480.415384615385,517.853846153846,97.9167329070179,86.1986269012801,1,0.846153846153846,0,0.362196966876518,130,130,0.405863631975635,0.600698893655683
4,4,simulated,"P=120,T=80,W=600",518.869230769231,556.115384615385,84.7876863647879,77.4533252413104,0.992307692307692,0.823076923076923,0.0877058019307029,0.383079820762893,130,130,0.45867753096894,0.608991141865144
4,5,empirical,"P=120,T=80,W=600",464.851003906006,506.468561111505,68.3457433084188,67.4224965798163,0.953846153846154,0.838461538461539,0.210629858728988,0.369450590497999,130,130,0.613053465639608,0.383701264761763
4,5,simulated,"P=120,T=80,W=600",485.792307692308,540.607692307693,94.1141230497526,84.8088133632976,0.992307692307692,0.761538461538462,0.0877058019307029,0.427791265369335,130,130,0.611899227380465,0.747343397153458
4,6,empirical,"P=120,T=80,W=600",592.635105882758,539.053862497894,103.582964847278,151.336834311195,0.253846153846154,0.0846153846153846,0.436894226667245,0.279385132880504,130,130,-0.413189909983173,0.461500936560836
4,6,simulated,"P=120,T=80,W=600",493.023076923077,506.553846153846,93.6827456240927,94.4827666939676,1,0.792307692307692,0,0.407224560379195,130,130,0.143816438718075,0.721275941867365
4,7,empirical,"P=120,T=80,W=600",510.51708636435,563.870040844744,77.9607874594841,82.8696400686633,0.823076923076923,0.376923076923077,0.383079820762893,0.486490112639389,130,130,0.663159592162269,1.01896832479887
4,7,simulated,"P=120,T=80,W=600",530.946153846154,568.553846153846,81.9229465481983,86.7520802903587,1,0.830769230769231,0,0.376406129386483,130,130,0.445736272980896,0.635825057915701
4,8,empirical,"P=120,T=80,W=600",552.601119768698,582.424094916521,77.7694907244261,61.1267171429767,0.623076923076923,0.307692307692308,0.486490112639389,0.463323916799418,130,130,0.426378315122495,0.663900171644572
4,8,simulated,"P=120,T=80,W=600",522.453846153846,554.046153846154,95.329385038188,79.9901991611261,0.992307692307692,0.853846153846154,0.0877058019307029,0.35462696770748,130,130,0.359025245292696,0.536019563609077
4,9,empirical,"P=120,T=80,W=600",432.868803295455,434.439528410043,130.291909573199,147.802430090931,0.507692307692308,0.453846153846154,0.501874839181977,0.499791250400946,130,130,0.0112740201255985,0.107512948501958
4,10,empirical,"P=120,T=80,W=600",574.88325402146,578.368886154539,65.3391546560079,73.1717117236037,0.646153846153846,0.430769230769231,0.480011925910284,0.497099518033222,130,130,0.0502498111393684,0.440792479158419
4,12,empirical,"P=120,T=80,W=600",553.981190411795,547.347804160381,121.74698330852,119.184731372041,0.523076923076923,0.207692307692308,0.501399353675718,0.407224560379195,130,130,-0.0550613370263867,0.690503837600558
4,14,empirical,"P=120,T=80,W=600",492.570078888889,475.043081818182,124.64159682207,117.77214236943,0.230769230769231,0.230769230769231,0.422954934437813,0.422954934437814,130,130,-0.144545965427159,0
5,1,empirical,"P=8,T=100,W=1100",574.042049166261,682.511428443698,140.633332200697,224.815044010586,0.838461538461539,0.607692307692308,0.369450590497999,0.490153493537679,130,130,0.578474404810547,0.531703624444301
5,1,simulated,"P=8,T=100,W=1100",863.576923076924,966.353846153847,179.955458114468,162.291815912646,1,0.784615384615385,0,0.412679190764644,130,130,0.59980208335359,0.738103231323707
5,2,empirical,"P=8,T=100,W=1100",869.989220180542,837.0402043863,187.460103057971,200.941656500425,0.523076923076923,0.507692307692308,0.501399353675719,0.501874839181977,130,130,-0.169562491919912,0.0306688117093908
5,2,simulated,"P=8,T=100,W=1100",814.838461538462,861.853846153847,203.480673666455,200.860941968189,0.992307692307692,0.792307692307692,0.0877058019307029,0.407224560379195,130,130,0.232547905206867,0.678992583048631
5,3,empirical,"P=8,T=100,W=1100",642.248340163703,747.113080829149,149.809869649616,159.371296342137,0.953846153846154,0.746153846153846,0.210629858728988,0.436894226667245,130,130,0.678014343363898,0.605589640365719
5,3,simulated,"P=8,T=100,W=1100",770.053846153847,863.738461538462,215.078255509116,196.865851852275,0.992307692307692,0.8,0.0877058019307029,0.401547394559495,130,130,0.454397524945945,0.661690498155534
5,4,empirical,"P=8,T=100,W=1100",740.265503606491,776.363186869827,166.670190878978,191.448363302938,0.730769230769231,0.476923076923077,0.445276006008111,0.501399353675718,130,130,0.201115456107009,0.535349801907706
5,4,simulated,"P=8,T=100,W=1100",755.476923076924,849.469230769231,203.981805518794,204.376616498798,0.992307692307692,0.807692307692308,0.0877058019307029,0.395638113677933,130,130,0.460341987307615,0.644269319663312
5,5,empirical,"P=8,T=100,W=1100",744.434069532872,801.909395037884,150.089593403514,162.371218527355,0.861538461538462,0.723076923076923,0.346719871152316,0.449209203785555,130,130,0.367604357495649,0.345075242631116
5,5,simulated,"P=8,T=100,W=1100",817.13076923077,921.138461538462,166.259878226621,176.266084706531,1,0.753846153846154,0,0.432435655679457,130,130,0.607039184958833,0.805007873631746
5,6,empirical,"P=8,T=100,W=1100",779.968124999437,811.102698465707,137.436642199014,124.084263471984,0.869230769230769,0.815384615384615,0.338452051691192,0.389486152934055,130,130,0.237794160689404,0.147579313309636
5,6,simulated,"P=8,T=100,W=1100",713.961538461539,815.146153846154,220.754393807262,221.963021975795,0.976923076923077,0.707692307692308,0.15072870106185,0.456582414784842,130,130,0.457105298838713,0.79187807865262
5,7,empirical,"P=8,T=100,W=1100",580.088817053205,706.637375804994,122.51290243397,162.747022942154,0.984615384615385,0.823076923076923,0.123553044479845,0.383079820762893,130,130,0.878555210781614,0.567561139994381
5,7,simulated,"P=8,T=100,W=1100",697.738461538462,810.353846153847,215.574967763646,197.820052186597,1,0.769230769230769,0,0.422954934437813,130,130,0.544330030144777,0.771611699875408
5,8,empirical,"P=8,T=100,W=1100",517.260986777034,640.083130766463,143.06274208909,155.317131684819,0.892307692307692,0.538461538461538,0.31119060801061,0.500447027357954,130,130,0.82256681519992,0.849151782040975
5,8,simulated,"P=8,T=100,W=1100",854.515384615385,925.215384615385,179.235163814262,149.32322698786,1,0.753846153846154,0,0.432435655679457,130,130,0.428592423076196,0.805007873631746
5,10,empirical,"P=8,T=100,W=1100",533.115677348178,563.813258270462,143.874580253057,156.7854493811,0.884615384615385,0.753846153846154,0.320721458628893,0.432435655679457,130,130,0.2040132634924,0.343498059260105
5,11,empirical,"P=8,T=100,W=1100",524.761930550017,537.322307273747,196.621080213989,215.800946684122,0.615384615384615,0.338461538461539,0.488386290505504,0.475016868796284,130,130,0.0608445494406928,0.574829786064769
5,12,empirical,"P=8,T=100,W=1100",682.957118004561,829.197218993213,152.604280422434,147.060429085411,0.761538461538462,0.553846153846154,0.427791265369335,0.499015130210389,130,130,0.975857863438009,0.446871590979616
6,1,empirical,"P=120,T=500,W=1500",859.491325806598,888.649758267859,145.458008353509,125.144452498168,0.946153846153846,0.938461538461539,0.226587028698114,0.241245031401497,130,130,0.214902860428838,0.0328687810692687
6,1,simulated,"P=120,T=500,W=1500",510.869230769231,1091.95384615383,93.4813655900576,369.958804778506,1,0.992307692307692,0,0.0877058019307029,130,130,2.15358161438492,0.124034734589208
6,2,simulated,"P=120,T=500,W=1500",454.830769230769,1066.14615384614,81.1086111202338,398.565744754932,1,0.969230769230769,0,0.173359935576158,130,130,2.12553817719483,0.251005304732117
6,3,empirical,"P=120,T=500,W=1500",943.215899999496,1057.97793600173,249.944604983411,272.954711603361,0.938461538461539,0.930769230769231,0.241245031401497,0.25482815423968,130,130,0.438520683926248,0.0310011745822574
6,3,simulated,"P=120,T=500,W=1500",431.361538461539,1022.06923076922,65.6504726239982,394.293385995378,1,0.953846153846154,0,0.210629858728987,130,130,2.08992230570592,0.30988671587362
6,4,empirical,"P=120,T=500,W=1500",900.755420471789,1118.66331371012,253.265951616462,312.179775310942,0.961538461538461,0.853846153846154,0.193051631999758,0.354626967707481,130,130,0.766597638739321,0.377195894739421
6,4,simulated,"P=120,T=500,W=1500",411.330769230769,969.115384615375,74.592161242208,409.201313860722,1,0.938461538461539,0,0.241245031401497,130,130,1.89647139096885,0.360747437614283
6,5,empirical,"P=120,T=500,W=1500",851.800714913304,907.036023893164,260.482296867269,283.402830359912,0.792307692307692,0.684615384615385,0.407224560379194,0.466466436301249,130,130,0.202933757102313,0.245957871503176
6,5,simulated,"P=120,T=500,W=1500",470.438461538462,1068.39230769229,80.4054651085374,424.850735232003,1,0.976923076923077,0,0.15072870106185,130,130,1.95571069789123,0.216519464198352
6,6,simulated,"P=120,T=500,W=1500",434.907692307692,996.653846153835,78.0624323937093,419.808718190554,1,0.976923076923077,0,0.15072870106185,130,130,1.86046859583939,0.216519464198352
6,7,simulated,"P=120,T=500,W=1500",474.784615384616,1044.95384615384,79.0442898726963,363.844073032948,1,0.984615384615385,0,0.123553044479845,130,130,2.1656554635712,0.176095472356944
6,8,simulated,"P=120,T=500,W=1500",459.761538461539,1000.16153846153,72.1142293527025,384.830150872898,1,0.961538461538461,0,0.193051631999758,130,130,1.95194132271887,0.281752755771111
6,9,empirical,"P=120,T=500,W=1500",851.124459524288,806.664322035416,198.608972753888,154.481137758628,0.923076923076923,0.938461538461539,0.267500188086136,0.241245031401497,130,130,-0.249890547016424,-0.0604002487184353
6,10,empirical,"P=120,T=500,W=1500",819.613985090799,904.377313334332,178.141646648656,195.090708757285,0.853846153846154,0.807692307692308,0.35462696770748,0.395638113677934,130,130,0.453744495057115,0.122850039488794
6,12,empirical,"P=120,T=500,W=1500",856.941357028973,1099.20707230429,205.095527656638,309.160899090208,0.953846153846154,0.869230769230769,0.210629858728987,0.338452051691192,130,130,0.9234796057625,0.300180347003893
6,13,empirical,"P=120,T=500,W=1500",933.699433855881,886.29833333719,252.170238375377,181.092044396502,0.976923076923077,0.969230769230769,0.15072870106185,0.173359935576158,130,130,-0.215923839720762,0.0473550763852451
6,15,empirical,"P=120,T=500,W=1500",779.354599120684,838.982293791997,215.244317229215,174.481759143001,0.830769230769231,0.776923076923077,0.376406129386483,0.417919999305988,130,130,0.304337824311833,0.135392161821802
6,16,empirical,"P=120,T=500,W=1500",794.75155625308,820.109661052465,149.981541561586,148.441675840324,0.692307692307692,0.807692307692308,0.463323916799418,0.395638113677933,130,130,0.16994500252811,-0.267830330976381
7,1,simulated,"P=120,T=30,W=800",635.323076923077,684.546153846154,114.331845000231,109.879928233064,1,0.792307692307692,0,0.407224560379195,130,130,0.438990119552657,0.721275941867365
7,2,simulated,"P=120,T=30,W=800",574.923076923077,648.392307692308,123.821866009551,113.85455812345,1,0.784615384615385,0,0.412679190764644,130,130,0.617686101433969,0.738103231323707
7,3,simulated,"P=120,T=30,W=800",562.038461538462,624.915384615385,134.056299861284,131.581968712134,0.992307692307692,0.730769230769231,0.0877058019307029,0.445276006008111,130,130,0.473382061237374,0.814996844519379
7,4,simulated,"P=120,T=30,W=800",609.769230769231,663.715384615385,121.050859864035,106.465864865852,1,0.730769230769231,0,0.445276006008111,130,130,0.473245642088124,0.855087182145088
7,5,simulated,"P=120,T=30,W=800",637.776923076923,670.676923076923,118.613780483938,107.583983086776,0.992307692307692,0.723076923076923,0.0877058019307029,0.449209203785555,130,130,0.290550673908806,0.831892380065339
7,6,simulated,"P=120,T=30,W=800",601.815384615385,656.092307692308,120.154150642072,102.1161708226,0.992307692307692,0.815384615384615,0.0877058019307029,0.389486152934055,130,130,0.486786274238321,0.62670986862497
7,7,simulated,"P=120,T=30,W=800",634.107692307693,680.153846153847,110.13728192852,100.662723487004,1,0.830769230769231,0,0.376406129386483,130,130,0.43642992107522,0.635825057915701
7,8,simulated,"P=120,T=30,W=800",660.33076923077,678.653846153847,102.152066950941,100.536368639418,0.992307692307692,0.776923076923077,0.0877058019307029,0.417919999305988,130,130,0.180794673881304,0.713308612337658
8,1,simulated,"P=120,T=80,W=800",618.953846153847,712.484615384616,123.087594796732,116.97824846608,1,0.884615384615385,0,0.320721458628893,130,130,0.778957105037596,0.508785687941574
8,2,simulated,"P=120,T=80,W=800",593.876923076923,695.792307692308,137.468813398261,124.821652374939,1,0.876923076923077,0,0.329796381047002,130,130,0.776216660282902,0.52777126685853
8,3,simulated,"P=120,T=80,W=800",579.461538461539,660.907692307693,131.583625300518,131.798027661299,1,0.869230769230769,0,0.338452051691192,130,130,0.618464695204766,0.546416010099064
8,4,simulated,"P=120,T=80,W=800",616.738461538462,683.423076923077,126.434071666758,124.017494726394,1,0.853846153846154,0,0.354626967707481,130,130,0.532490272380645,0.582845553906813
8,5,simulated,"P=120,T=80,W=800",685.269230769231,748.307692307693,110.391817221573,87.26808434371,1,0.915384615384615,0,0.279385132880504,130,130,0.633527231621391,0.428312785561407
8,6,simulated,"P=120,T=80,W=800",671.8,721.184615384616,121.277336085775,102.377533919319,1,0.907692307692308,0,0.290579582453446,130,130,0.440046102219513,0.449249700445885
8,7,simulated,"P=120,T=80,W=800",629.323076923077,703.507692307693,124.95538524024,121.934042798076,1,0.907692307692308,0,0.290579582453446,130,130,0.600909173516053,0.449249700445885
8,8,simulated,"P=120,T=80,W=800",618.7,703.469230769231,123.695904314517,121.154663691859,1,0.9,0,0.301160545919622,130,130,0.692378753547683,0.469587926285185
8,9,empirical,"P=120,T=80,W=800",412.726513225554,426.268746919798,131.858711998868,128.198611434383,0.7,0.438461538461539,0.460030332670297,0.498118104264505,130,130,0.104137752934957,0.545493908042486
9,1,empirical,,582.130096563748,619.699888232657,110.194688733787,109.144431239039,0.830769230769231,0.692307692307692,0.375678773867437,0.462428604046304,260,260,0.342568721782134,0.328658914549823
9,2,empirical,,618.316949179137,630.522262500987,90.8569338359387,104.125772095148,0.746153846153846,0.507692307692308,0.436049985826842,0.50090503182325,260,260,0.124904921364588,0.507798800569303
9,3,empirical,,595.119885091359,680.66691157261,99.0707867188865,125.310339232821,0.838461538461539,0.546153846153846,0.368736675646369,0.498825469304493,260,260,0.757354371531913,0.666409731918252
9,4,empirical,,579.66674916194,667.851577887912,106.592476956124,104.529931955335,0.876923076923077,0.684615384615385,0.329159092758666,0.465565051041008,260,260,0.835350650141991,0.476985844286782
9,5,empirical,,583.846432557546,600.457255912791,98.5863265444644,94.4986470026016,0.938461538461539,0.853846153846154,0.240778856992174,0.353941697564338,260,260,0.172018587930831,0.279539579062271
9,6,empirical,,612.487556876341,693.202253569672,110.132415937724,129.214692805466,0.830769230769231,0.523076923076923,0.375678773867437,0.500430465130421,260,260,0.672323892971678,0.69539185228907
9,7,empirical,,578.539662510593,634.407835233896,90.1239581820485,106.962905362235,0.923076923076923,0.861538461538462,0.266983279027117,0.346049880437083,260,260,0.564881560094666,0.199117840172045
9,8,empirical,,404.720942203571,386.920986089693,185.124676199392,162.463877398651,0.392307692307692,0.423076923076923,0.48920633614339,0.495000247500186,260,260,-0.102202725143224,-0.0625248766552236
9,10,empirical,,623.8868038744,637.468799233701,76.6419444792547,77.717362994007,0.861538461538462,0.769230769230769,0.346049880437083,0.422137629452976,260,260,0.175974691341716,0.239155673448916
9,11,empirical,,675.843420690033,685.005405447869,131.983546153137,152.992297135251,0.615384615384615,0.284615384615385,0.487442547999493,0.452101320939902,260,260,0.0641260596235774,0.703608389590416
9,12,empirical,,558.780595194548,584.303944941986,108.849679285805,107.585708963723,0.8,0.738461538461539,0.40077145684013,0.440320103881022,260,260,0.23584788725093,0.146168498467756
