groupID,subjectID,gender,age,handedness,stage,trialID,P,T,W,Shape,Label,CorrectKey,Response,RT,Correct
7,7,1,23,2,practice,1,8,0.1,1.1,circle,self,j,j,0.760854099993594,1
7,7,1,23,2,practice,2,8,0.1,1.1,square,self,f,f,1.00062710000202,1
7,7,1,23,2,practice,3,8,0.1,1.1,circle,stranger,f,f,0.818290299997898,1
7,7,1,23,2,practice,4,8,0.1,1.1,square,stranger,j,f,0.721535100019537,0
7,7,1,23,2,practice,5,8,0.1,1.1,circle,stranger,f,f,0.85049449998769,1
7,7,1,23,2,practice,6,8,0.1,1.1,circle,self,j,j,0.49864560001879,1
7,7,1,23,2,practice,7,8,0.1,1.1,square,stranger,j,j,0.883230600011302,1
7,7,1,23,2,practice,8,8,0.1,1.1,square,self,f,f,0.737806999997701,1
7,7,1,23,2,formal,9,8,0.1,1.1,square,stranger,j,j,0.796712700015632,1
7,7,1,23,2,formal,10,8,0.1,1.1,square,self,f,f,0.773477999988245,1
7,7,1,23,2,formal,11,8,0.1,1.1,circle,self,j,j,0.614519900002051,1
7,7,1,23,2,formal,12,8,0.1,1.1,circle,stranger,f,f,0.951679700025124,1
7,7,1,23,2,formal,13,8,0.1,1.1,square,self,f,f,0.791096999979345,1
7,7,1,23,2,formal,14,8,0.1,1.1,circle,self,j,j,0.566759699984686,1
7,7,1,23,2,formal,15,8,0.1,1.1,circle,stranger,f,f,1.01426039999933,1
7,7,1,23,2,formal,16,8,0.1,1.1,square,stranger,j,j,0.695522099995287,1
7,7,1,23,2,formal,17,8,0.1,1.1,square,self,f,f,0.727402799995616,1
7,7,1,23,2,formal,18,8,0.1,1.1,circle,stranger,f,f,0.855289099999936,1
7,7,1,23,2,formal,19,8,0.1,1.1,square,stranger,j,j,0.760411499999464,1
7,7,1,23,2,formal,20,8,0.1,1.1,circle,self,j,j,0.646823299990501,1
7,7,1,23,2,formal,21,8,0.1,1.1,square,stranger,j,j,0.903734899999108,1
7,7,1,23,2,formal,22,8,0.1,1.1,circle,stranger,f,f,0.711016900022514,1
7,7,1,23,2,formal,23,8,0.1,1.1,circle,self,j,j,0.503153800003929,1
7,7,1,23,2,formal,24,8,0.1,1.1,square,self,f,f,0.840062700008275,1
7,7,1,23,2,formal,25,8,0.1,1.1,circle,stranger,f,f,0.807067100016866,1
7,7,1,23,2,formal,26,8,0.1,1.1,circle,self,j,j,0.631223899981705,1
7,7,1,23,2,formal,27,8,0.1,1.1,square,self,f,f,0.727009199996246,1
7,7,1,23,2,formal,28,8,0.1,1.1,square,stranger,j,j,0.551625899999635,1
7,7,1,23,2,formal,29,8,0.1,1.1,square,stranger,j,j,0.632349599996815,1
7,7,1,23,2,formal,30,8,0.1,1.1,square,self,f,f,0.552262500015786,1
7,7,1,23,2,formal,31,8,0.1,1.1,circle,stranger,f,j,0.583457600005204,0
7,7,1,23,2,formal,32,8,0.1,1.1,circle,self,j,j,0.552121899992926,1
7,7,1,23,2,formal,33,8,0.1,1.1,circle,self,j,f,0.471522600011667,0
7,7,1,23,2,formal,34,8,0.1,1.1,square,self,f,f,0.935972200008109,1
7,7,1,23,2,formal,35,8,0.1,1.1,circle,stranger,f,j,0.886826000001747,0
7,7,1,23,2,formal,36,8,0.1,1.1,square,stranger,j,j,0.935685499978717,1
7,7,1,23,2,formal,37,8,0.1,1.1,circle,stranger,f,f,0.679866999998922,1
7,7,1,23,2,formal,38,8,0.1,1.1,square,self,f,j,0.58401709998725,0
7,7,1,23,2,formal,39,8,0.1,1.1,circle,self,j,j,0.677267899998697,1
7,7,1,23,2,formal,40,8,0.1,1.1,square,stranger,j,j,0.791323099983856,1
7,7,1,23,2,formal,41,8,0.1,1.1,square,self,f,j,0.742987400008133,0
7,7,1,23,2,formal,42,8,0.1,1.1,circle,self,j,j,0.647270499990555,1
7,7,1,23,2,formal,43,8,0.1,1.1,square,stranger,j,j,0.615338000003248,1
7,7,1,23,2,formal,44,8,0.1,1.1,circle,stranger,f,f,0.616554799984442,1
7,7,1,23,2,formal,45,8,0.1,1.1,square,self,f,j,0.871244199981447,0
7,7,1,23,2,formal,46,8,0.1,1.1,square,stranger,j,f,1.04800119998981,0
7,7,1,23,2,formal,47,8,0.1,1.1,circle,stranger,f,f,0.759431600017706,1
7,7,1,23,2,formal,48,8,0.1,1.1,circle,self,j,j,0.599662699998589,1
7,7,1,23,2,formal,49,8,0.1,1.1,circle,self,j,j,0.71199740000884,1
7,7,1,23,2,formal,50,8,0.1,1.1,square,self,f,f,0.807688100001542,1
7,7,1,23,2,formal,51,8,0.1,1.1,circle,stranger,f,f,0.694261800003005,1
7,7,1,23,2,formal,52,8,0.1,1.1,square,stranger,j,f,0.58263530000113,0
7,7,1,23,2,formal,53,8,0.1,1.1,square,stranger,j,j,0.663775300025009,1
7,7,1,23,2,formal,54,8,0.1,1.1,circle,stranger,f,f,0.58265830000164,1
7,7,1,23,2,formal,55,8,0.1,1.1,circle,self,j,j,0.519934499985538,1
7,7,1,23,2,formal,56,8,0.1,1.1,square,self,f,f,0.869894600007683,1
7,7,1,23,2,formal,57,8,0.1,1.1,circle,stranger,f,f,0.727191200014204,1
7,7,1,23,2,formal,58,8,0.1,1.1,square,stranger,j,j,0.567707400012296,1
7,7,1,23,2,formal,59,8,0.1,1.1,square,self,f,f,0.631948399997782,1
7,7,1,23,2,formal,60,8,0.1,1.1,circle,self,j,j,0.599693299998762,1
7,7,1,23,2,formal,61,8,0.1,1.1,square,self,f,f,0.68573810000089,1
7,7,1,23,2,formal,62,8,0.1,1.1,square,stranger,j,f,0.694852200016612,0
7,7,1,23,2,formal,63,8,0.1,1.1,circle,self,j,j,0.631686600012472,1
7,7,1,23,2,formal,64,8,0.1,1.1,circle,stranger,f,f,0.582492699992144,1
7,7,1,23,2,formal,65,8,0.1,1.1,circle,stranger,f,f,0.82322479999857,1
7,7,1,23,2,formal,66,8,0.1,1.1,square,self,f,j,0.727152500010561,0
7,7,1,23,2,formal,67,8,0.1,1.1,circle,self,j,j,0.566306699998677,1
7,7,1,23,2,formal,68,8,0.1,1.1,square,stranger,j,j,0.743506300001172,1
7,7,1,23,2,formal,69,8,0.1,1.1,square,stranger,j,j,0.647772299998906,1
7,7,1,23,2,formal,70,8,0.1,1.1,circle,stranger,f,f,0.61464210000122,1
7,7,1,23,2,formal,71,8,0.1,1.1,circle,self,j,j,0.582645399990724,1
7,7,1,23,2,formal,72,8,0.1,1.1,square,self,f,f,0.711078299995279,1
7,7,1,23,2,formal,73,8,0.1,1.1,circle,self,j,j,0.695364600018365,1
7,7,1,23,2,formal,74,8,0.1,1.1,square,self,f,f,0.583155700005591,1
7,7,1,23,2,formal,75,8,0.1,1.1,square,stranger,j,j,0.554605599987553,1
7,7,1,23,2,formal,76,8,0.1,1.1,circle,stranger,f,f,0.758702299994184,1
7,7,1,23,2,formal,77,8,0.1,1.1,square,self,f,f,0.59812619999866,1
7,7,1,23,2,formal,78,8,0.1,1.1,circle,stranger,f,f,0.774991799989948,1
7,7,1,23,2,formal,79,8,0.1,1.1,square,stranger,j,j,0.840535499999532,1
7,7,1,23,2,formal,80,8,0.1,1.1,circle,self,j,j,0.550536099995952,1
7,7,1,23,2,formal,81,8,0.1,1.1,circle,self,j,j,0.567768400011119,1
7,7,1,23,2,formal,82,8,0.1,1.1,square,stranger,j,f,0.535985299997265,0
7,7,1,23,2,formal,83,8,0.1,1.1,circle,stranger,f,f,0.855269699997734,1
7,7,1,23,2,formal,84,8,0.1,1.1,square,self,f,f,0.727528499992331,1
7,7,1,23,2,formal,85,8,0.1,1.1,square,stranger,j,j,0.551476099994034,1
7,7,1,23,2,formal,86,8,0.1,1.1,circle,stranger,f,f,0.728065999981482,1
7,7,1,23,2,formal,87,8,0.1,1.1,circle,self,j,j,0.520074900006875,1
7,7,1,23,2,formal,88,8,0.1,1.1,square,self,f,f,0.552201900020009,1
7,7,1,23,2,formal,89,8,0.1,1.1,circle,stranger,f,f,0.758651200012537,1
7,7,1,23,2,formal,90,8,0.1,1.1,square,stranger,j,j,0.535380000015721,1
7,7,1,23,2,formal,91,8,0.1,1.1,circle,self,j,j,0.599127900000894,1
7,7,1,23,2,formal,92,8,0.1,1.1,square,self,f,f,0.630479099985678,1
7,7,1,23,2,formal,93,8,0.1,1.1,square,stranger,j,f,0.615178699983517,0
7,7,1,23,2,formal,94,8,0.1,1.1,circle,self,j,j,0.598037199990358,1
7,7,1,23,2,formal,95,8,0.1,1.1,square,self,f,f,0.678656800009776,1
7,7,1,23,2,formal,96,8,0.1,1.1,circle,stranger,f,f,0.662681199988583,1
7,7,1,23,2,formal,97,8,0.1,1.1,square,self,f,f,0.855877399997553,1
7,7,1,23,2,formal,98,8,0.1,1.1,circle,self,j,j,0.632295599993085,1
7,7,1,23,2,formal,99,8,0.1,1.1,square,stranger,j,j,0.583367499988526,1
7,7,1,23,2,formal,100,8,0.1,1.1,circle,stranger,f,f,0.550723399996059,1
7,7,1,23,2,formal,101,8,0.1,1.1,circle,stranger,f,f,0.711873599997489,1
7,7,1,23,2,formal,102,8,0.1,1.1,square,self,f,f,0.822913799987873,1
7,7,1,23,2,formal,103,8,0.1,1.1,circle,self,j,j,0.583761799993226,1
7,7,1,23,2,formal,104,8,0.1,1.1,square,stranger,j,j,0.599451399990357,1
7,7,1,23,2,formal,105,8,0.1,1.1,circle,stranger,f,f,0.696134300000267,1
7,7,1,23,2,formal,106,8,0.1,1.1,circle,self,j,j,0.470042700006161,1
7,7,1,23,2,formal,107,8,0.1,1.1,square,stranger,j,j,0.58296510000946,1
7,7,1,23,2,formal,108,8,0.1,1.1,square,self,f,f,0.518367300013779,1
7,7,1,23,2,formal,109,8,0.1,1.1,circle,stranger,f,f,0.599991600000067,1
7,7,1,23,2,formal,110,8,0.1,1.1,circle,self,j,j,0.43992609999259,1
7,7,1,23,2,formal,111,8,0.1,1.1,square,stranger,j,f,0.711858399998164,0
7,7,1,23,2,formal,112,8,0.1,1.1,square,self,f,f,0.727951599983498,1
7,7,1,23,2,formal,113,8,0.1,1.1,circle,self,j,j,0.637333199993009,1
7,7,1,23,2,formal,114,8,0.1,1.1,square,stranger,j,j,0.567998699989403,1
7,7,1,23,2,formal,115,8,0.1,1.1,circle,stranger,f,f,0.614419300021837,1
7,7,1,23,2,formal,116,8,0.1,1.1,square,self,f,f,0.535734000004595,1
7,7,1,23,2,formal,117,8,0.1,1.1,square,self,f,f,0.678247699979693,1
7,7,1,23,2,formal,118,8,0.1,1.1,square,stranger,j,f,0.614372799987905,0
7,7,1,23,2,formal,119,8,0.1,1.1,circle,self,j,j,0.598795799975051,1
7,7,1,23,2,formal,120,8,0.1,1.1,circle,stranger,f,f,0.567583199997898,1
7,7,1,23,2,formal,121,8,0.1,1.1,square,self,f,f,0.663563400012208,1
7,7,1,23,2,formal,122,8,0.1,1.1,circle,self,j,j,0.535700700012967,1
7,7,1,23,2,formal,123,8,0.1,1.1,circle,stranger,f,f,0.648071800009347,1
7,7,1,23,2,formal,124,8,0.1,1.1,square,stranger,j,j,0.567025800002739,1
7,7,1,23,2,formal,125,8,0.1,1.1,square,self,f,f,0.567486899992218,1
7,7,1,23,2,formal,126,8,0.1,1.1,circle,stranger,f,f,0.967612700012978,1
7,7,1,23,2,formal,127,8,0.1,1.1,circle,self,j,f,0.839797499997076,0
7,7,1,23,2,formal,128,8,0.1,1.1,square,stranger,j,j,0.567232100002002,1
7,7,1,23,2,formal,129,8,0.1,1.1,square,self,f,f,0.646887000009883,1
7,7,1,23,2,formal,130,8,0.1,1.1,circle,self,j,j,0.679258599993773,1
7,7,1,23,2,formal,131,8,0.1,1.1,circle,stranger,f,f,0.519109799992293,1
7,7,1,23,2,formal,132,8,0.1,1.1,square,stranger,j,j,0.630698200024199,1
7,7,1,23,2,formal,133,8,0.1,1.1,square,stranger,j,j,0.619179700006498,1
7,7,1,23,2,formal,134,8,0.1,1.1,circle,self,j,j,0.678064700012328,1
7,7,1,23,2,formal,135,8,0.1,1.1,square,self,f,f,0.678277600003639,1
7,7,1,23,2,formal,136,8,0.1,1.1,circle,stranger,f,f,0.855753599986201,1
7,7,1,23,2,formal,137,8,0.1,1.1,circle,stranger,f,f,0.742422199982684,1
7,7,1,23,2,formal,138,8,0.1,1.1,square,stranger,j,j,0.599062499997672,1
7,7,1,23,2,formal,139,8,0.1,1.1,circle,self,j,j,0.582801999989897,1
7,7,1,23,2,formal,140,8,0.1,1.1,square,self,f,f,0.775185700011207,1
7,7,1,23,2,formal,141,8,0.1,1.1,circle,stranger,f,f,0.647078500012867,1
7,7,1,23,2,formal,142,8,0.1,1.1,square,self,f,j,0.472256699984428,0
7,7,1,23,2,formal,143,8,0.1,1.1,circle,self,j,j,0.646747499995399,1
7,7,1,23,2,formal,144,8,0.1,1.1,square,stranger,j,j,0.743756300013047,1
7,7,1,23,2,formal,145,8,0.1,1.1,square,self,f,f,0.536242200003471,1
7,7,1,23,2,formal,146,8,0.1,1.1,square,stranger,j,j,0.824008299998241,1
7,7,1,23,2,formal,147,8,0.1,1.1,circle,stranger,f,f,0.583397400012473,1
7,7,1,23,2,formal,148,8,0.1,1.1,circle,self,j,j,0.615638599992963,1
7,7,1,23,2,formal,149,8,0.1,1.1,square,stranger,j,j,0.679113599995617,1
7,7,1,23,2,formal,150,8,0.1,1.1,circle,stranger,f,f,0.582153700001072,1
7,7,1,23,2,formal,151,8,0.1,1.1,square,self,f,j,0.551948500011349,0
7,7,1,23,2,formal,152,8,0.1,1.1,circle,self,j,j,0.59875699999975,1
7,7,1,23,2,formal,153,8,0.1,1.1,circle,stranger,f,f,0.727367200015578,1
7,7,1,23,2,formal,154,8,0.1,1.1,circle,self,j,j,0.630589900014456,1
7,7,1,23,2,formal,155,8,0.1,1.1,square,stranger,j,j,0.536067899985937,1
7,7,1,23,2,formal,156,8,0.1,1.1,square,self,f,f,0.536231100006262,1
7,7,1,23,2,formal,157,8,0.1,1.1,square,stranger,j,f,0.823962599999504,0
7,7,1,23,2,formal,158,8,0.1,1.1,circle,stranger,f,f,0.726394800003618,1
7,7,1,23,2,formal,159,8,0.1,1.1,circle,self,j,j,0.51824810000835,1
7,7,1,23,2,formal,160,8,0.1,1.1,square,self,f,f,0.48705660001724,1
7,7,1,23,2,formal,161,8,0.1,1.1,square,self,f,f,0.743296500004362,1
7,7,1,23,2,formal,162,8,0.1,1.1,square,stranger,j,j,0.67776849999791,1
7,7,1,23,2,formal,163,8,0.1,1.1,circle,self,j,j,0.711129899980733,1
7,7,1,23,2,formal,164,8,0.1,1.1,circle,stranger,f,f,0.630724199989345,1
7,7,1,23,2,formal,165,8,0.1,1.1,square,self,f,f,0.796085399982985,1
7,7,1,23,2,formal,166,8,0.1,1.1,circle,stranger,f,f,0.727058799995575,1
7,7,1,23,2,formal,167,8,0.1,1.1,circle,self,j,j,0.471391600003699,1
7,7,1,23,2,formal,168,8,0.1,1.1,square,stranger,j,j,0.792243100004271,1
7,7,1,23,2,formal,169,8,0.1,1.1,square,stranger,j,j,0.662863300007302,1
7,7,1,23,2,formal,170,8,0.1,1.1,square,self,f,f,0.679961199988611,1
7,7,1,23,2,formal,171,8,0.1,1.1,circle,stranger,f,f,0.66271720000077,1
7,7,1,23,2,formal,172,8,0.1,1.1,circle,self,j,j,0.726613000006182,1
7,7,1,23,2,formal,173,8,0.1,1.1,circle,self,j,j,0.535050100006629,1
7,7,1,23,2,formal,174,8,0.1,1.1,circle,stranger,f,f,0.631437100004405,1
7,7,1,23,2,formal,175,8,0.1,1.1,square,stranger,j,j,0.758963000000222,1
7,7,1,23,2,formal,176,8,0.1,1.1,square,self,f,f,0.534965099999681,1
7,7,1,23,2,formal,177,8,0.1,1.1,square,stranger,j,j,0.628641499992227,1
7,7,1,23,2,formal,178,8,0.1,1.1,circle,self,j,j,0.519222600007197,1
7,7,1,23,2,formal,179,8,0.1,1.1,circle,stranger,f,f,1.14114439999685,1
7,7,1,23,2,formal,180,8,0.1,1.1,square,self,f,f,0.999699200008763,1
7,7,1,23,2,formal,181,8,0.1,1.1,circle,stranger,f,f,0.614491799991811,1
7,7,1,23,2,formal,182,8,0.1,1.1,square,stranger,j,j,0.61436410000897,1
7,7,1,23,2,formal,183,8,0.1,1.1,square,self,f,f,0.566482800000813,1
7,7,1,23,2,formal,184,8,0.1,1.1,circle,self,j,j,0.503032299980987,1
7,7,1,23,2,formal,185,8,0.1,1.1,square,self,f,f,0.630051900021499,1
7,7,1,23,2,formal,186,8,0.1,1.1,circle,self,j,j,0.550039499998093,1
7,7,1,23,2,formal,187,8,0.1,1.1,circle,stranger,f,f,0.613515300006839,1
7,7,1,23,2,formal,188,8,0.1,1.1,square,stranger,j,j,0.566794200014556,1
7,7,1,23,2,formal,189,8,0.1,1.1,circle,self,j,j,0.582159999990836,1
7,7,1,23,2,formal,190,8,0.1,1.1,circle,stranger,f,f,0.663138900010381,1
7,7,1,23,2,formal,191,8,0.1,1.1,square,stranger,j,j,0.61552120000124,1
7,7,1,23,2,formal,192,8,0.1,1.1,square,self,f,f,0.599190700013423,1
7,7,1,23,2,formal,193,8,0.1,1.1,circle,stranger,f,f,0.997104799986118,1
7,7,1,23,2,formal,194,8,0.1,1.1,square,stranger,j,j,0.631731600005878,1
7,7,1,23,2,formal,195,8,0.1,1.1,circle,self,j,j,0.583022800012259,1
7,7,1,23,2,formal,196,8,0.1,1.1,square,self,f,f,0.662979499989888,1
7,7,1,23,2,formal,197,8,0.1,1.1,circle,self,j,j,0.630724500020733,1
7,7,1,23,2,formal,198,8,0.1,1.1,circle,stranger,f,f,0.597665200009942,1
7,7,1,23,2,formal,199,8,0.1,1.1,square,self,f,f,0.677949200005969,1
7,7,1,23,2,formal,200,8,0.1,1.1,square,stranger,j,j,0.59965740001644,1
7,7,1,23,2,formal,201,8,0.1,1.1,square,self,f,f,0.647231299983105,1
7,7,1,23,2,formal,202,8,0.1,1.1,circle,stranger,f,f,0.742524500004947,1
7,7,1,23,2,formal,203,8,0.1,1.1,square,stranger,j,f,0.662501200014958,0
7,7,1,23,2,formal,204,8,0.1,1.1,circle,self,j,j,0.647266599989962,1
7,7,1,23,2,formal,205,8,0.1,1.1,circle,self,j,j,0.582609699980821,1
7,7,1,23,2,formal,206,8,0.1,1.1,square,stranger,j,j,0.646960999991279,1
7,7,1,23,2,formal,207,8,0.1,1.1,square,self,f,f,0.566285600012634,1
7,7,1,23,2,formal,208,8,0.1,1.1,circle,stranger,f,f,0.871051099995384,1
7,7,1,23,2,formal,209,8,0.1,1.1,square,self,f,f,0.935806499997852,1
7,7,1,23,2,formal,210,8,0.1,1.1,circle,self,j,j,0.597605099988868,1
7,7,1,23,2,formal,211,8,0.1,1.1,square,stranger,j,j,0.694405499991262,1
7,7,1,23,2,formal,212,8,0.1,1.1,circle,stranger,f,f,0.693209299992304,1
7,7,1,23,2,formal,213,8,0.1,1.1,circle,stranger,f,f,0.677685999980895,1
7,7,1,23,2,formal,214,8,0.1,1.1,square,stranger,j,j,0.775746600003913,1
7,7,1,23,2,formal,215,8,0.1,1.1,square,self,f,f,0.821024800010491,1
7,7,1,23,2,formal,216,8,0.1,1.1,circle,self,j,j,0.743134199990891,1
7,7,1,23,2,formal,217,8,0.1,1.1,square,self,f,f,0.701430899993284,1
7,7,1,23,2,formal,218,8,0.1,1.1,circle,self,j,j,0.550594100001035,1
7,7,1,23,2,formal,219,8,0.1,1.1,circle,stranger,f,f,0.711079300002893,1
7,7,1,23,2,formal,220,8,0.1,1.1,square,stranger,j,j,0.565792600013083,1
7,7,1,23,2,formal,221,8,0.1,1.1,square,self,f,f,0.741867000004277,1
7,7,1,23,2,formal,222,8,0.1,1.1,circle,self,j,j,0.519386400002986,1
7,7,1,23,2,formal,223,8,0.1,1.1,circle,stranger,f,f,0.567129699978977,1
7,7,1,23,2,formal,224,8,0.1,1.1,square,stranger,j,j,0.647872999979882,1
7,7,1,23,2,formal,225,8,0.1,1.1,square,self,f,f,0.678469800011953,1
7,7,1,23,2,formal,226,8,0.1,1.1,circle,self,j,j,0.534174700005678,1
7,7,1,23,2,formal,227,8,0.1,1.1,circle,stranger,f,f,0.581892400019569,1
7,7,1,23,2,formal,228,8,0.1,1.1,square,stranger,j,j,0.790779599978123,1
7,7,1,23,2,formal,229,8,0.1,1.1,circle,stranger,f,f,0.519060199992964,1
7,7,1,23,2,formal,230,8,0.1,1.1,square,self,f,f,0.615477400016971,1
7,7,1,23,2,formal,231,8,0.1,1.1,circle,self,j,j,0.470566200005123,1
7,7,1,23,2,formal,232,8,0.1,1.1,square,stranger,j,j,0.487264700001106,1
7,7,1,23,2,formal,233,8,0.1,1.1,square,stranger,j,f,0.694897500012303,0
7,7,1,23,2,formal,234,8,0.1,1.1,square,self,f,f,0.8863022000005,1
7,7,1,23,2,formal,235,8,0.1,1.1,circle,self,j,j,0.583024599996861,1
7,7,1,23,2,formal,236,8,0.1,1.1,circle,stranger,f,f,0.61491269999533,1
7,7,1,23,2,formal,237,8,0.1,1.1,circle,stranger,f,f,0.662212100025499,1
7,7,1,23,2,formal,238,8,0.1,1.1,square,stranger,j,j,0.645847800013144,1
7,7,1,23,2,formal,239,8,0.1,1.1,square,self,f,f,0.535562600009143,1
7,7,1,23,2,formal,240,8,0.1,1.1,circle,self,j,j,0.647185700014234,1
7,7,1,23,2,formal,241,8,0.1,1.1,square,stranger,j,j,0.773988800006919,1
7,7,1,23,2,formal,242,8,0.1,1.1,circle,stranger,f,f,0.69483609998133,1
7,7,1,23,2,formal,243,8,0.1,1.1,circle,self,j,j,0.501338700007182,1
7,7,1,23,2,formal,244,8,0.1,1.1,square,self,f,j,0.80712380001205,0
7,7,1,23,2,formal,245,8,0.1,1.1,square,stranger,j,j,0.693972900015069,1
7,7,1,23,2,formal,246,8,0.1,1.1,square,self,f,f,0.6307444999984,1
7,7,1,23,2,formal,247,8,0.1,1.1,circle,self,j,j,0.680019999999786,1
7,7,1,23,2,formal,248,8,0.1,1.1,circle,stranger,f,f,0.582234000001336,1
7,7,1,23,2,formal,249,8,0.1,1.1,square,self,f,j,0.534954200003995,0
7,7,1,23,2,formal,250,8,0.1,1.1,circle,stranger,f,f,0.934286300005624,1
7,7,1,23,2,formal,251,8,0.1,1.1,circle,self,j,j,0.647090300015407,1
7,7,1,23,2,formal,252,8,0.1,1.1,square,stranger,j,j,0.598793999990448,1
7,7,1,23,2,formal,253,8,0.1,1.1,square,stranger,j,j,0.903248699993128,1
7,7,1,23,2,formal,254,8,0.1,1.1,square,self,f,f,0.600488199997926,1
7,7,1,23,2,formal,255,8,0.1,1.1,circle,self,j,j,0.583178400003817,1
7,7,1,23,2,formal,256,8,0.1,1.1,circle,stranger,f,f,0.678389900014736,1
7,7,1,23,2,formal,257,8,0.1,1.1,circle,stranger,f,f,0.711188300017966,1
7,7,1,23,2,formal,258,8,0.1,1.1,square,self,f,f,0.888432400010061,1
7,7,1,23,2,formal,259,8,0.1,1.1,square,stranger,j,j,0.597214200010058,1
7,7,1,23,2,formal,260,8,0.1,1.1,circle,self,j,j,0.727390299987746,1
7,7,1,23,2,formal,261,8,0.1,1.1,square,stranger,j,j,0.855878799979109,1
7,7,1,23,2,formal,262,8,0.1,1.1,circle,stranger,f,f,0.887816600006772,1
7,7,1,23,2,formal,263,8,0.1,1.1,circle,self,j,j,0.758621799992397,1
7,7,1,23,2,formal,264,8,0.1,1.1,square,self,f,f,0.743376799975522,1
7,7,1,23,2,formal,265,8,0.1,1.1,circle,stranger,f,j,0.66267049999442,0
7,7,1,23,2,formal,266,8,0.1,1.1,square,stranger,j,j,0.806171200005338,1
7,7,1,23,2,formal,267,8,0.1,1.1,circle,self,j,j,1.04717910001636,1
7,7,1,23,2,formal,268,8,0.1,1.1,square,self,f,f,0.679424899979495,1
7,7,1,23,2,formal,269,8,0.1,1.1,square,self,f,f,0.765229799988447,1
7,7,1,23,2,formal,270,8,0.1,1.1,circle,self,j,j,0.680038700025762,1
7,7,1,23,2,formal,271,8,0.1,1.1,square,stranger,j,j,0.631992800015723,1
7,7,1,23,2,formal,272,8,0.1,1.1,circle,stranger,f,f,0.776158099994063,1
7,7,1,23,2,formal,273,8,0.1,1.1,circle,self,j,j,0.567805099999532,1
7,7,1,23,2,formal,274,8,0.1,1.1,square,stranger,j,j,0.647429299977375,1
7,7,1,23,2,formal,275,8,0.1,1.1,circle,stranger,f,f,0.727047500025947,1
7,7,1,23,2,formal,276,8,0.1,1.1,square,self,f,f,0.75966230002814,1
7,7,1,23,2,formal,277,8,0.1,1.1,square,stranger,j,f,0.823175300000003,0
7,7,1,23,2,formal,278,8,0.1,1.1,circle,self,j,j,0.58310089999577,1
7,7,1,23,2,formal,279,8,0.1,1.1,circle,stranger,f,f,0.567028099991148,1
7,7,1,23,2,formal,280,8,0.1,1.1,square,self,f,f,0.616817100002663,1
7,7,1,23,2,formal,281,8,0.1,1.1,square,self,f,f,0.840076899999985,1
7,7,1,23,2,formal,282,8,0.1,1.1,square,stranger,j,j,0.823217900004238,1
7,7,1,23,2,formal,283,8,0.1,1.1,circle,self,j,j,0.598724100011168,1
7,7,1,23,2,formal,284,8,0.1,1.1,circle,stranger,f,f,0.582644500012975,1
7,7,1,23,2,formal,285,8,0.1,1.1,square,stranger,j,j,0.646222399984254,1
7,7,1,23,2,formal,286,8,0.1,1.1,circle,self,j,j,0.663817599997856,1
7,7,1,23,2,formal,287,8,0.1,1.1,circle,stranger,f,f,0.615544400003273,1
7,7,1,23,2,formal,288,8,0.1,1.1,square,self,f,f,0.823053600004641,1
7,7,1,23,2,formal,289,8,0.1,1.1,circle,self,j,j,0.711009799997555,1
7,7,1,23,2,formal,290,8,0.1,1.1,square,stranger,j,j,0.711391399992863,1
7,7,1,23,2,formal,291,8,0.1,1.1,square,self,f,f,0.823802800005069,1
7,7,1,23,2,formal,292,8,0.1,1.1,circle,stranger,f,f,0.712251400022069,1
7,7,1,23,2,formal,293,8,0.1,1.1,circle,stranger,f,f,0.743580300011672,1
7,7,1,23,2,formal,294,8,0.1,1.1,square,stranger,j,j,0.711401100008516,1
7,7,1,23,2,formal,295,8,0.1,1.1,circle,self,j,j,0.600301500002388,1
7,7,1,23,2,formal,296,8,0.1,1.1,square,self,f,f,0.696014100016328,1
7,7,1,23,2,formal,297,8,0.1,1.1,circle,stranger,f,f,0.773985000007087,1
7,7,1,23,2,formal,298,8,0.1,1.1,square,self,f,f,1.03254240000388,1
7,7,1,23,2,formal,299,8,0.1,1.1,square,stranger,j,j,0.630580700002611,1
7,7,1,23,2,formal,300,8,0.1,1.1,circle,self,j,j,0.583276899997145,1
7,7,1,23,2,formal,301,8,0.1,1.1,square,self,f,f,0.632003499980783,1
7,7,1,23,2,formal,302,8,0.1,1.1,square,stranger,j,j,0.647386999975424,1
7,7,1,23,2,formal,303,8,0.1,1.1,circle,stranger,f,f,0.984375800006092,1
7,7,1,23,2,formal,304,8,0.1,1.1,circle,self,j,j,0.647127899981569,1
7,7,1,23,2,formal,305,8,0.1,1.1,square,stranger,j,j,0.647178199986229,1
7,7,1,23,2,formal,306,8,0.1,1.1,square,self,f,f,0.646417400013888,1
7,7,1,23,2,formal,307,8,0.1,1.1,circle,stranger,f,f,0.678416700015077,1
7,7,1,23,2,formal,308,8,0.1,1.1,circle,self,j,j,0.646783899981529,1
7,7,1,23,2,formal,309,8,0.1,1.1,square,stranger,j,j,0.775378900027135,1
7,7,1,23,2,formal,310,8,0.1,1.1,square,self,f,f,0.535512900009053,1
7,7,1,23,2,formal,311,8,0.1,1.1,circle,stranger,f,f,0.6629831000173,1
7,7,1,23,2,formal,312,8,0.1,1.1,circle,self,j,j,0.838177800003905,1
7,7,1,23,2,formal,313,8,0.1,1.1,circle,self,j,j,0.854048800014425,1
7,7,1,23,2,formal,314,8,0.1,1.1,circle,stranger,f,f,0.663000399974408,1
7,7,1,23,2,formal,315,8,0.1,1.1,square,stranger,j,j,0.725955300003989,1
7,7,1,23,2,formal,316,8,0.1,1.1,square,self,f,f,0.598596399999224,1
7,7,1,23,2,formal,317,8,0.1,1.1,circle,stranger,f,f,0.710366099985549,1
7,7,1,23,2,formal,318,8,0.1,1.1,circle,self,j,j,0.837482600007206,1
7,7,1,23,2,formal,319,8,0.1,1.1,square,stranger,j,j,0.597920600004727,1
7,7,1,23,2,formal,320,8,0.1,1.1,square,self,f,f,0.534724900004221,1
7,7,1,23,2,formal,321,8,0.1,1.1,square,stranger,j,j,0.63652960001491,1
7,7,1,23,2,formal,322,8,0.1,1.1,circle,self,j,j,0.501372899976559,1
7,7,1,23,2,formal,323,8,0.1,1.1,circle,stranger,f,f,0.517924900021171,1
7,7,1,23,2,formal,324,8,0.1,1.1,square,self,f,j,0.75852980001946,0
7,7,1,23,2,formal,325,8,0.1,1.1,circle,self,j,j,0.710130699997535,1
7,7,1,23,2,formal,326,8,0.1,1.1,square,self,f,f,0.743479600001592,1
7,7,1,23,2,formal,327,8,0.1,1.1,circle,stranger,f,f,0.757870600005845,1
7,7,1,23,2,formal,328,8,0.1,1.1,square,stranger,j,j,0.982823300000746,1
7,7,1,23,2,formal,329,8,0.1,1.1,square,stranger,j,j,0.485787300014636,1
7,7,1,23,2,formal,330,8,0.1,1.1,circle,stranger,f,f,0.565024199982872,1
7,7,1,23,2,formal,331,8,0.1,1.1,square,self,f,f,0.59934109999449,1
7,7,1,23,2,formal,332,8,0.1,1.1,circle,self,j,j,0.501401499990607,1
7,7,1,23,2,formal,333,8,0.1,1.1,square,self,f,f,0.710582500003511,1
7,7,1,23,2,formal,334,8,0.1,1.1,circle,self,j,j,0.583326000021771,1
7,7,1,23,2,formal,335,8,0.1,1.1,circle,stranger,f,f,1.04653459999827,1
7,7,1,23,2,formal,336,8,0.1,1.1,square,stranger,j,j,0.662638399982825,1
7,7,1,23,2,formal,337,8,0.1,1.1,square,stranger,j,j,0.647529299982125,1
7,7,1,23,2,formal,338,8,0.1,1.1,circle,self,j,j,0.614037199993618,1
7,7,1,23,2,formal,339,8,0.1,1.1,square,self,f,f,0.551497000007657,1
7,7,1,23,2,formal,340,8,0.1,1.1,circle,stranger,f,f,0.582957899983739,1
7,7,1,23,2,formal,341,8,0.1,1.1,square,self,f,f,0.598013299982995,1
7,7,1,23,2,formal,342,8,0.1,1.1,circle,stranger,f,f,0.676400500000454,1
7,7,1,23,2,formal,343,8,0.1,1.1,square,stranger,j,j,0.742690799990669,1
7,7,1,23,2,formal,344,8,0.1,1.1,circle,self,j,j,0.437154900020687,1
7,7,1,23,2,formal,345,8,0.1,1.1,square,stranger,j,f,0.583154099993408,0
7,7,1,23,2,formal,346,8,0.1,1.1,circle,stranger,f,f,0.854433399974369,1
7,7,1,23,2,formal,347,8,0.1,1.1,circle,self,j,j,0.582587099983357,1
7,7,1,23,2,formal,348,8,0.1,1.1,square,self,f,f,0.613889699976426,1
7,7,1,23,2,formal,349,8,0.1,1.1,circle,self,j,f,0.69357149998541,0
7,7,1,23,2,formal,350,8,0.1,1.1,square,stranger,j,f,1.19044079998275,0
7,7,1,23,2,formal,351,8,0.1,1.1,square,self,f,f,0.7261858000129,1
7,7,1,23,2,formal,352,8,0.1,1.1,circle,stranger,f,f,0.694556899979943,1
7,7,1,23,2,formal,353,8,0.1,1.1,square,stranger,j,j,0.743359000014607,1
7,7,1,23,2,formal,354,8,0.1,1.1,circle,self,j,j,0.695056900003692,1
7,7,1,23,2,formal,355,8,0.1,1.1,circle,stranger,f,f,0.629871399985859,1
7,7,1,23,2,formal,356,8,0.1,1.1,square,self,f,f,0.75771619999432,1
7,7,1,23,2,formal,357,8,0.1,1.1,circle,stranger,f,f,0.644654600007925,1
7,7,1,23,2,formal,358,8,0.1,1.1,square,self,f,f,0.726767900021514,1
7,7,1,23,2,formal,359,8,0.1,1.1,circle,self,j,j,0.758998200006317,1
7,7,1,23,2,formal,360,8,0.1,1.1,square,stranger,j,j,0.549836299993331,1
7,7,1,23,2,formal,361,8,0.1,1.1,circle,self,j,j,0.80724399999599,1
7,7,1,23,2,formal,362,8,0.1,1.1,circle,stranger,f,f,0.582088099996326,1
7,7,1,23,2,formal,363,8,0.1,1.1,square,self,f,f,0.63153399998555,1
7,7,1,23,2,formal,364,8,0.1,1.1,square,stranger,j,j,0.614450000022771,1
7,7,1,23,2,formal,365,8,0.1,1.1,square,stranger,j,f,0.679353000014089,0
7,7,1,23,2,formal,366,8,0.1,1.1,square,self,f,f,0.935797999991337,1
7,7,1,23,2,formal,367,8,0.1,1.1,circle,stranger,f,f,0.694706200010842,1
7,7,1,23,2,formal,368,8,0.1,1.1,circle,self,j,j,0.454845000000205,1
7,7,1,23,2,formal,369,8,0.1,1.1,square,self,f,f,0.519785199983744,1
7,7,1,23,2,formal,370,8,0.1,1.1,square,stranger,j,j,0.695080299978144,1
7,7,1,23,2,formal,371,8,0.1,1.1,circle,self,j,j,0.631699499994284,1
7,7,1,23,2,formal,372,8,0.1,1.1,circle,stranger,f,f,0.550421499996446,1
7,7,1,23,2,formal,373,8,0.1,1.1,square,stranger,j,j,0.557096500007901,1
7,7,1,23,2,formal,374,8,0.1,1.1,circle,self,j,j,0.534356999996817,1
7,7,1,23,2,formal,375,8,0.1,1.1,circle,stranger,f,f,0.582822399999714,1
7,7,1,23,2,formal,376,8,0.1,1.1,square,self,f,f,0.550629300007131,1
7,7,1,23,2,formal,377,8,0.1,1.1,circle,self,j,j,0.502621899999212,1
7,7,1,23,2,formal,378,8,0.1,1.1,circle,stranger,f,f,0.582958000013605,1
7,7,1,23,2,formal,379,8,0.1,1.1,square,stranger,j,j,0.567026699980488,1
7,7,1,23,2,formal,380,8,0.1,1.1,square,self,f,f,0.599240499985171,1
7,7,1,23,2,formal,381,8,0.1,1.1,square,self,f,f,0.664372900006128,1
7,7,1,23,2,formal,382,8,0.1,1.1,square,stranger,j,f,0.629657899989979,0
7,7,1,23,2,formal,383,8,0.1,1.1,circle,self,j,j,0.647500499995658,1
7,7,1,23,2,formal,384,8,0.1,1.1,circle,stranger,f,f,0.533808500011219,1
7,7,1,23,2,formal,385,8,0.1,1.1,square,self,f,f,0.631222900003195,1
7,7,1,23,2,formal,386,8,0.1,1.1,circle,self,j,j,0.550607200013474,1
7,7,1,23,2,formal,387,8,0.1,1.1,square,stranger,j,j,0.598949499981245,1
7,7,1,23,2,formal,388,8,0.1,1.1,circle,stranger,f,f,0.598811500007287,1
7,7,1,23,2,formal,389,8,0.1,1.1,circle,stranger,f,f,0.823360800015507,1
7,7,1,23,2,formal,390,8,0.1,1.1,square,stranger,j,j,0.855173899995862,1
7,7,1,23,2,formal,391,8,0.1,1.1,square,self,f,f,0.518816099996911,1
7,7,1,23,2,formal,392,8,0.1,1.1,circle,self,j,j,0.50117869998212,1
7,7,1,23,2,formal,393,8,0.1,1.1,circle,self,j,j,0.581788799987407,1
7,7,1,23,2,formal,394,8,0.1,1.1,square,stranger,j,j,0.535489899979439,1
7,7,1,23,2,formal,395,8,0.1,1.1,square,self,f,f,0.711874100001296,1
7,7,1,23,2,formal,396,8,0.1,1.1,circle,stranger,f,f,0.712084300001152,1
7,7,1,23,2,formal,397,8,0.1,1.1,circle,stranger,f,f,0.694711199990707,1
7,7,1,23,2,formal,398,8,0.1,1.1,circle,self,j,j,0.711069999990286,1
7,7,1,23,2,formal,399,8,0.1,1.1,square,stranger,j,j,0.565946199989412,1
7,7,1,23,2,formal,400,8,0.1,1.1,square,self,f,f,0.584049299999606,1
7,7,1,23,2,formal,401,8,0.1,1.1,circle,stranger,f,j,0.791019199998118,0
7,7,1,23,2,formal,402,8,0.1,1.1,square,stranger,j,f,0.998545400012517,0
7,7,1,23,2,formal,403,8,0.1,1.1,circle,self,j,j,0.694883299991488,1
7,7,1,23,2,formal,404,8,0.1,1.1,square,self,f,f,0.598412399995141,1
7,7,1,23,2,formal,405,8,0.1,1.1,circle,stranger,f,f,0.694041700015077,1
7,7,1,23,2,formal,406,8,0.1,1.1,square,self,f,f,0.775283499999205,1
7,7,1,23,2,formal,407,8,0.1,1.1,square,stranger,j,j,0.519205099990359,1
7,7,1,23,2,formal,408,8,0.1,1.1,circle,self,j,j,0.567691400006879,1
7,7,1,23,2,formal,409,8,0.1,1.1,square,stranger,j,j,0.712566000001971,1
7,7,1,23,2,formal,410,8,0.1,1.1,square,self,f,f,0.58298200002173,1
7,7,1,23,2,formal,411,8,0.1,1.1,circle,self,j,j,0.934509499988053,1
7,7,1,23,2,formal,412,8,0.1,1.1,circle,stranger,f,f,0.55105999999796,1
7,7,1,23,2,formal,413,8,0.1,1.1,square,stranger,j,j,0.485951000009663,1
7,7,1,23,2,formal,414,8,0.1,1.1,square,self,f,f,0.550313999992795,1
7,7,1,23,2,formal,415,8,0.1,1.1,circle,self,j,j,0.663352900010068,1
7,7,1,23,2,formal,416,8,0.1,1.1,circle,stranger,f,f,0.616030700010015,1
7,7,1,23,2,formal,417,8,0.1,1.1,square,stranger,j,j,0.79061830000137,1
7,7,1,23,2,formal,418,8,0.1,1.1,circle,stranger,f,f,0.630920299998252,1
7,7,1,23,2,formal,419,8,0.1,1.1,circle,self,j,j,0.55163200001698,1
7,7,1,23,2,formal,420,8,0.1,1.1,square,self,f,f,0.471994899999117,1
7,7,1,23,2,formal,421,8,0.1,1.1,square,stranger,j,j,0.694490199995926,1
7,7,1,23,2,formal,422,8,0.1,1.1,circle,self,j,j,0.486775600002147,1
7,7,1,23,2,formal,423,8,0.1,1.1,circle,stranger,f,f,0.518727499991655,1
7,7,1,23,2,formal,424,8,0.1,1.1,square,self,f,f,0.742612999980338,1
7,7,1,23,2,formal,425,8,0.1,1.1,square,stranger,j,j,0.5884473999904,1
7,7,1,23,2,formal,426,8,0.1,1.1,square,self,f,f,0.51913020000211,1
7,7,1,23,2,formal,427,8,0.1,1.1,circle,self,j,j,0.438717799988808,1
7,7,1,23,2,formal,428,8,0.1,1.1,circle,stranger,f,f,0.533822299999883,1
7,7,1,23,2,formal,429,8,0.1,1.1,square,self,f,f,0.552161899977364,1
7,7,1,23,2,formal,430,8,0.1,1.1,square,stranger,j,j,0.583052400004817,1
7,7,1,23,2,formal,431,8,0.1,1.1,circle,stranger,f,f,0.583778600004734,1
7,7,1,23,2,formal,432,8,0.1,1.1,circle,self,j,j,0.741732499998761,1
7,7,1,23,2,formal,433,8,0.1,1.1,circle,self,j,j,0.55146839999361,1
7,7,1,23,2,formal,434,8,0.1,1.1,circle,stranger,f,f,0.549002999992808,1
7,7,1,23,2,formal,435,8,0.1,1.1,square,stranger,j,j,0.662123100017197,1
7,7,1,23,2,formal,436,8,0.1,1.1,square,self,f,f,0.4868196999887,1
7,7,1,23,2,formal,437,8,0.1,1.1,circle,stranger,f,f,0.534115099988412,1
7,7,1,23,2,formal,438,8,0.1,1.1,circle,self,j,j,0.58366340000066,1
7,7,1,23,2,formal,439,8,0.1,1.1,square,self,f,f,0.53612420000718,1
7,7,1,23,2,formal,440,8,0.1,1.1,square,stranger,j,j,0.551437899994198,1
7,7,1,23,2,formal,441,8,0.1,1.1,square,stranger,j,j,0.519377799995709,1
7,7,1,23,2,formal,442,8,0.1,1.1,circle,self,j,j,0.534809900011169,1
7,7,1,23,2,formal,443,8,0.1,1.1,square,self,f,f,0.533392600016668,1
7,7,1,23,2,formal,444,8,0.1,1.1,circle,stranger,f,f,0.67776339998818,1
7,7,1,23,2,formal,445,8,0.1,1.1,square,stranger,j,j,0.534682700003032,1
7,7,1,23,2,formal,446,8,0.1,1.1,circle,self,j,j,0.583076599985361,1
7,7,1,23,2,formal,447,8,0.1,1.1,circle,stranger,f,f,0.613035899994429,1
7,7,1,23,2,formal,448,8,0.1,1.1,square,self,f,f,0.631339499988826,1
7,7,1,23,2,formal,449,8,0.1,1.1,circle,self,j,j,0.534995099995285,1
7,7,1,23,2,formal,450,8,0.1,1.1,circle,stranger,f,f,0.695135099987965,1
7,7,1,23,2,formal,451,8,0.1,1.1,square,self,f,j,0.565997700003209,0
7,7,1,23,2,formal,452,8,0.1,1.1,square,stranger,j,j,0.886665900005028,1
7,7,1,23,2,formal,453,8,0.1,1.1,square,stranger,j,j,0.711811999994097,1
7,7,1,23,2,formal,454,8,0.1,1.1,square,self,f,f,0.600130000006175,1
7,7,1,23,2,formal,455,8,0.1,1.1,circle,self,j,j,0.470696200005477,1
7,7,1,23,2,formal,456,8,0.1,1.1,circle,stranger,f,f,0.600123799988069,1
7,7,1,23,2,formal,457,8,0.1,1.1,circle,self,j,j,0.647622100019362,1
7,7,1,23,2,formal,458,8,0.1,1.1,square,stranger,j,j,0.535920700000133,1
7,7,1,23,2,formal,459,8,0.1,1.1,square,self,f,f,0.791674100008095,1
7,7,1,23,2,formal,460,8,0.1,1.1,circle,stranger,f,f,0.583099899988156,1
7,7,1,23,2,formal,461,8,0.1,1.1,square,stranger,j,j,0.598983799980488,1
7,7,1,23,2,formal,462,8,0.1,1.1,circle,self,j,j,0.650212699983967,1
7,7,1,23,2,formal,463,8,0.1,1.1,square,self,f,f,0.629714199982118,1
7,7,1,23,2,formal,464,8,0.1,1.1,circle,stranger,f,f,0.534498399996664,1
7,7,1,23,2,formal,465,8,0.1,1.1,square,self,f,f,0.613566099986201,1
7,7,1,23,2,formal,466,8,0.1,1.1,circle,stranger,f,f,0.99757690000115,1
7,7,1,23,2,formal,467,8,0.1,1.1,square,stranger,j,j,0.983632499992382,1
7,7,1,23,2,formal,468,8,0.1,1.1,circle,self,j,j,0.53564919999917,1
7,7,1,23,2,formal,469,8,0.1,1.1,circle,stranger,f,f,0.501293600013014,1
7,7,1,23,2,formal,470,8,0.1,1.1,circle,self,j,j,0.61381780001102,1
7,7,1,23,2,formal,471,8,0.1,1.1,square,self,f,f,0.647096599976066,1
7,7,1,23,2,formal,472,8,0.1,1.1,square,stranger,j,j,0.504031299991766,1
7,7,1,23,2,formal,473,8,0.1,1.1,circle,stranger,f,f,0.663442599994596,1
7,7,1,23,2,formal,474,8,0.1,1.1,circle,self,j,j,0.82324709999375,1
7,7,1,23,2,formal,475,8,0.1,1.1,square,stranger,j,j,0.646424599981401,1
7,7,1,23,2,formal,476,8,0.1,1.1,square,self,f,f,0.518230299989227,1
7,7,1,23,2,formal,477,8,0.1,1.1,square,self,f,f,0.635804399993503,1
7,7,1,23,2,formal,478,8,0.1,1.1,square,stranger,j,f,1.19055280002067,0
7,7,1,23,2,formal,479,8,0.1,1.1,circle,self,j,j,0.487315899983514,1
7,7,1,23,2,formal,480,8,0.1,1.1,circle,stranger,f,f,0.583615299983649,1
7,7,1,23,2,formal,481,8,0.1,1.1,circle,stranger,f,f,0.630009599990444,1
7,7,1,23,2,formal,482,8,0.1,1.1,circle,self,j,j,0.519669599976623,1
7,7,1,23,2,formal,483,8,0.1,1.1,square,self,f,f,0.533344900002703,1
7,7,1,23,2,formal,484,8,0.1,1.1,square,stranger,j,j,0.695922899991274,1
7,7,1,23,2,formal,485,8,0.1,1.1,circle,self,j,j,0.567580700007966,1
7,7,1,23,2,formal,486,8,0.1,1.1,square,self,f,f,0.646409500011941,1
7,7,1,23,2,formal,487,8,0.1,1.1,square,stranger,j,j,0.822775600012392,1
7,7,1,23,2,formal,488,8,0.1,1.1,circle,stranger,f,f,0.630671799997799,1
7,7,1,23,2,formal,489,8,0.1,1.1,square,stranger,j,,NaN,0
7,7,1,23,2,formal,490,8,0.1,1.1,circle,self,j,j,0.53955610000412,1
7,7,1,23,2,formal,491,8,0.1,1.1,circle,stranger,f,f,0.555900099978317,1
7,7,1,23,2,formal,492,8,0.1,1.1,square,self,f,f,0.710997499991208,1
7,7,1,23,2,formal,493,8,0.1,1.1,square,self,f,f,0.699034299992491,1
7,7,1,23,2,formal,494,8,0.1,1.1,circle,stranger,f,f,0.647385399992345,1
7,7,1,23,2,formal,495,8,0.1,1.1,square,stranger,j,j,0.790597799990792,1
7,7,1,23,2,formal,496,8,0.1,1.1,circle,self,j,j,0.551595500000985,1
7,7,1,23,2,formal,497,8,0.1,1.1,circle,self,j,j,0.486193200020352,1
7,7,1,23,2,formal,498,8,0.1,1.1,square,stranger,j,j,0.679284099984216,1
7,7,1,23,2,formal,499,8,0.1,1.1,circle,stranger,f,f,0.75876120000612,1
7,7,1,23,2,formal,500,8,0.1,1.1,square,self,f,f,0.663583400018979,1
7,7,1,23,2,formal,501,8,0.1,1.1,square,self,f,f,0.7745124999783,1
7,7,1,23,2,formal,502,8,0.1,1.1,circle,stranger,f,f,0.70957829998224,1
7,7,1,23,2,formal,503,8,0.1,1.1,square,stranger,j,j,0.741787900013151,1
7,7,1,23,2,formal,504,8,0.1,1.1,circle,self,j,j,0.471213199984049,1
7,7,1,23,2,formal,505,8,0.1,1.1,circle,self,j,j,0.487734299997101,1
7,7,1,23,2,formal,506,8,0.1,1.1,circle,stranger,f,f,0.72464320002473,1
7,7,1,23,2,formal,507,8,0.1,1.1,square,self,f,f,0.583177499996964,1
7,7,1,23,2,formal,508,8,0.1,1.1,square,stranger,j,j,0.567879600013839,1
7,7,1,23,2,formal,509,8,0.1,1.1,circle,stranger,f,f,0.581759699998656,1
7,7,1,23,2,formal,510,8,0.1,1.1,square,stranger,j,j,0.711204799998086,1
7,7,1,23,2,formal,511,8,0.1,1.1,circle,self,j,j,0.567313600011403,1
7,7,1,23,2,formal,512,8,0.1,1.1,square,self,f,f,0.533777499978896,1
7,7,1,23,2,formal,513,8,0.1,1.1,square,stranger,j,j,0.902191800007131,1
7,7,1,23,2,formal,514,8,0.1,1.1,square,self,f,f,0.551578299986431,1
7,7,1,23,2,formal,515,8,0.1,1.1,circle,stranger,f,f,0.725212399993325,1
7,7,1,23,2,formal,516,8,0.1,1.1,circle,self,j,j,0.455263799987733,1
7,7,1,23,2,formal,517,8,0.1,1.1,circle,stranger,f,f,0.630489700008184,1
7,7,1,23,2,formal,518,8,0.1,1.1,square,self,f,j,0.583629400003701,0
7,7,1,23,2,formal,519,8,0.1,1.1,square,stranger,j,j,0.582357199979015,1
7,7,1,23,2,formal,520,8,0.1,1.1,circle,self,j,j,0.582430100010242,1
7,7,1,23,2,formal,521,8,0.1,1.1,square,stranger,j,j,0.647305599995889,1
7,7,1,23,2,formal,522,8,0.1,1.1,square,self,f,f,0.614153400005307,1
7,7,1,23,2,formal,523,8,0.1,1.1,circle,self,j,j,0.74253679998219,1
7,7,1,23,2,formal,524,8,0.1,1.1,circle,stranger,f,f,0.58207350000157,1
7,7,1,23,2,formal,525,8,0.1,1.1,circle,stranger,f,f,0.63188000000082,1
7,7,1,23,2,formal,526,8,0.1,1.1,square,self,f,f,0.599852200015448,1
7,7,1,23,2,formal,527,8,0.1,1.1,circle,self,j,j,0.534678899974097,1
7,7,1,23,2,formal,528,8,0.1,1.1,square,stranger,j,j,0.550756399985403,1
