groupID,subjectID,a,v_self,v_stranger,v_diff,Type,Condition.x,Condition.y,Condition.x.x,Condition.y.y,Condition.x.x.x,Condition.y.y.y,Condition.x.x.x.x,Condition.y.y.y.y
1,1,0.524152,2.252599,0.26347,1.989129,empirical,"P=0,T=30,W=300","P=0,T=30,W=300","P=0,T=30,W=300","P=0,T=30,W=300","P=0,T=30,W=300","P=0,T=30,W=300","P=0,T=30,W=300","P=0,T=30,W=300"
1,2,0.577014,-0.389254,-0.000343,-0.388911,empirical,"P=0,T=30,W=300","P=0,T=30,W=300","P=0,T=30,W=300","P=0,T=30,W=300","P=0,T=30,W=300","P=0,T=30,W=300","P=0,T=30,W=300","P=0,T=30,W=300"
1,3,0.60725,2.124463,1.94349,0.180973,empirical,"P=0,T=30,W=300","P=0,T=30,W=300","P=0,T=30,W=300","P=0,T=30,W=300","P=0,T=30,W=300","P=0,T=30,W=300","P=0,T=30,W=300","P=0,T=30,W=300"
1,4,0.530125,2.652768,1.646687,1.006081,empirical,"P=0,T=30,W=300","P=0,T=30,W=300","P=0,T=30,W=300","P=0,T=30,W=300","P=0,T=30,W=300","P=0,T=30,W=300","P=0,T=30,W=300","P=0,T=30,W=300"
1,5,0.728156,4.195311,6.23189,-2.036579,empirical,"P=0,T=30,W=300","P=0,T=30,W=300","P=0,T=30,W=300","P=0,T=30,W=300","P=0,T=30,W=300","P=0,T=30,W=300","P=0,T=30,W=300","P=0,T=30,W=300"
1,6,0.571524,2.200811,2.829422,-0.628611,empirical,"P=0,T=30,W=300","P=0,T=30,W=300","P=0,T=30,W=300","P=0,T=30,W=300","P=0,T=30,W=300","P=0,T=30,W=300","P=0,T=30,W=300","P=0,T=30,W=300"
1,7,0.44717,0.272902,1.063864,-0.790962,empirical,"P=0,T=30,W=300","P=0,T=30,W=300","P=0,T=30,W=300","P=0,T=30,W=300","P=0,T=30,W=300","P=0,T=30,W=300","P=0,T=30,W=300","P=0,T=30,W=300"
1,8,0.612257,3.483761,3.634955,-0.151194,empirical,"P=0,T=30,W=300","P=0,T=30,W=300","P=0,T=30,W=300","P=0,T=30,W=300","P=0,T=30,W=300","P=0,T=30,W=300","P=0,T=30,W=300","P=0,T=30,W=300"
1,9,0.579398,2.80066,2.717278,0.0833820000000003,empirical,"P=0,T=30,W=300","P=0,T=30,W=300","P=0,T=30,W=300","P=0,T=30,W=300","P=0,T=30,W=300","P=0,T=30,W=300","P=0,T=30,W=300","P=0,T=30,W=300"
1,10,0.524207,-0.101323,0.189659,-0.290982,empirical,"P=0,T=30,W=300","P=0,T=30,W=300","P=0,T=30,W=300","P=0,T=30,W=300","P=0,T=30,W=300","P=0,T=30,W=300","P=0,T=30,W=300","P=0,T=30,W=300"
1,11,0.519356,0.769507,-0.090033,0.85954,empirical,"P=0,T=30,W=300","P=0,T=30,W=300","P=0,T=30,W=300","P=0,T=30,W=300","P=0,T=30,W=300","P=0,T=30,W=300","P=0,T=30,W=300","P=0,T=30,W=300"
2,1,0.819988,-0.296815,-0.090498,-0.206317,empirical,"P=0,T=30,W=600","P=0,T=30,W=600","P=0,T=30,W=600","P=0,T=30,W=600","P=0,T=30,W=600","P=0,T=30,W=600","P=0,T=30,W=600","P=0,T=30,W=600"
2,2,0.920807,-0.000058,-0.558929,0.558871,empirical,"P=0,T=30,W=600","P=0,T=30,W=600","P=0,T=30,W=600","P=0,T=30,W=600","P=0,T=30,W=600","P=0,T=30,W=600","P=0,T=30,W=600","P=0,T=30,W=600"
2,4,0.926337,0.376117,-0.701496,1.077613,empirical,"P=0,T=30,W=600","P=0,T=30,W=600","P=0,T=30,W=600","P=0,T=30,W=600","P=0,T=30,W=600","P=0,T=30,W=600","P=0,T=30,W=600","P=0,T=30,W=600"
2,5,0.811518,0.479283,0.226188,0.253095,empirical,"P=0,T=30,W=600","P=0,T=30,W=600","P=0,T=30,W=600","P=0,T=30,W=600","P=0,T=30,W=600","P=0,T=30,W=600","P=0,T=30,W=600","P=0,T=30,W=600"
2,7,0.564739,1.27355,0.751282,0.522268,empirical,"P=0,T=30,W=600","P=0,T=30,W=600","P=0,T=30,W=600","P=0,T=30,W=600","P=0,T=30,W=600","P=0,T=30,W=600","P=0,T=30,W=600","P=0,T=30,W=600"
2,8,1.169361,0.550258,-0.545636,1.095894,empirical,"P=0,T=30,W=600","P=0,T=30,W=600","P=0,T=30,W=600","P=0,T=30,W=600","P=0,T=30,W=600","P=0,T=30,W=600","P=0,T=30,W=600","P=0,T=30,W=600"
2,9,1.356127,1.583322,0.507402,1.07592,empirical,"P=0,T=30,W=600","P=0,T=30,W=600","P=0,T=30,W=600","P=0,T=30,W=600","P=0,T=30,W=600","P=0,T=30,W=600","P=0,T=30,W=600","P=0,T=30,W=600"
2,10,0.870094,1.235056,0.343179,0.891877,empirical,"P=0,T=30,W=600","P=0,T=30,W=600","P=0,T=30,W=600","P=0,T=30,W=600","P=0,T=30,W=600","P=0,T=30,W=600","P=0,T=30,W=600","P=0,T=30,W=600"
2,11,1.192035,0.397974,-0.211624,0.609598,empirical,"P=0,T=30,W=600","P=0,T=30,W=600","P=0,T=30,W=600","P=0,T=30,W=600","P=0,T=30,W=600","P=0,T=30,W=600","P=0,T=30,W=600","P=0,T=30,W=600"
2,12,0.788977,1.178,2.426032,-1.248032,empirical,"P=0,T=30,W=600","P=0,T=30,W=600","P=0,T=30,W=600","P=0,T=30,W=600","P=0,T=30,W=600","P=0,T=30,W=600","P=0,T=30,W=600","P=0,T=30,W=600"
3,1,1.038559,1.541858,0.539017,1.002841,empirical,"P=120,T=30,W=600","P=120,T=30,W=600","P=120,T=30,W=600","P=120,T=30,W=600","P=120,T=30,W=600","P=120,T=30,W=600","P=120,T=30,W=600","P=120,T=30,W=600"
3,2,1.152227,0.346382,-0.300815,0.647197,empirical,"P=120,T=30,W=600","P=120,T=30,W=600","P=120,T=30,W=600","P=120,T=30,W=600","P=120,T=30,W=600","P=120,T=30,W=600","P=120,T=30,W=600","P=120,T=30,W=600"
3,3,0.538259,-0.31745,0.786711,-1.104161,empirical,"P=120,T=30,W=600","P=120,T=30,W=600","P=120,T=30,W=600","P=120,T=30,W=600","P=120,T=30,W=600","P=120,T=30,W=600","P=120,T=30,W=600","P=120,T=30,W=600"
3,4,1.152946,1.280322,0.628381,0.651941,empirical,"P=120,T=30,W=600","P=120,T=30,W=600","P=120,T=30,W=600","P=120,T=30,W=600","P=120,T=30,W=600","P=120,T=30,W=600","P=120,T=30,W=600","P=120,T=30,W=600"
3,5,0.629504,0.223637,0.081647,0.14199,empirical,"P=120,T=30,W=600","P=120,T=30,W=600","P=120,T=30,W=600","P=120,T=30,W=600","P=120,T=30,W=600","P=120,T=30,W=600","P=120,T=30,W=600","P=120,T=30,W=600"
3,6,1.05496,0.816641,0.135581,0.68106,empirical,"P=120,T=30,W=600","P=120,T=30,W=600","P=120,T=30,W=600","P=120,T=30,W=600","P=120,T=30,W=600","P=120,T=30,W=600","P=120,T=30,W=600","P=120,T=30,W=600"
3,7,1.191752,1.604073,-0.543106,2.147179,empirical,"P=120,T=30,W=600","P=120,T=30,W=600","P=120,T=30,W=600","P=120,T=30,W=600","P=120,T=30,W=600","P=120,T=30,W=600","P=120,T=30,W=600","P=120,T=30,W=600"
3,8,0.836237,-0.189792,-0.622333,0.432541,empirical,"P=120,T=30,W=600","P=120,T=30,W=600","P=120,T=30,W=600","P=120,T=30,W=600","P=120,T=30,W=600","P=120,T=30,W=600","P=120,T=30,W=600","P=120,T=30,W=600"
3,10,0.764334,-0.030398,-0.773112,0.742714,empirical,"P=120,T=30,W=600","P=120,T=30,W=600","P=120,T=30,W=600","P=120,T=30,W=600","P=120,T=30,W=600","P=120,T=30,W=600","P=120,T=30,W=600","P=120,T=30,W=600"
3,12,0.845636,0.674918,-0.483735,1.158653,empirical,"P=120,T=30,W=600","P=120,T=30,W=600","P=120,T=30,W=600","P=120,T=30,W=600","P=120,T=30,W=600","P=120,T=30,W=600","P=120,T=30,W=600","P=120,T=30,W=600"
4,1,1.208109,1.080029,1.010493,0.0695359999999998,empirical,"P=120,T=80,W=600","P=120,T=80,W=600","P=120,T=80,W=600","P=120,T=80,W=600","P=120,T=80,W=600","P=120,T=80,W=600","P=120,T=80,W=600","P=120,T=80,W=600"
4,2,1.148016,1.355572,-0.48298,1.838552,empirical,"P=120,T=80,W=600","P=120,T=80,W=600","P=120,T=80,W=600","P=120,T=80,W=600","P=120,T=80,W=600","P=120,T=80,W=600","P=120,T=80,W=600","P=120,T=80,W=600"
4,5,1.822757,3.225781,2.171415,1.054366,empirical,"P=120,T=80,W=600","P=120,T=80,W=600","P=120,T=80,W=600","P=120,T=80,W=600","P=120,T=80,W=600","P=120,T=80,W=600","P=120,T=80,W=600","P=120,T=80,W=600"
4,6,1.447209,1.734321,-0.177897,1.912218,empirical,"P=120,T=80,W=600","P=120,T=80,W=600","P=120,T=80,W=600","P=120,T=80,W=600","P=120,T=80,W=600","P=120,T=80,W=600","P=120,T=80,W=600","P=120,T=80,W=600"
4,7,1.732059,2.636808,0.904584,1.732224,empirical,"P=120,T=80,W=600","P=120,T=80,W=600","P=120,T=80,W=600","P=120,T=80,W=600","P=120,T=80,W=600","P=120,T=80,W=600","P=120,T=80,W=600","P=120,T=80,W=600"
4,8,1.677258,2.101683,0.780998,1.320685,empirical,"P=120,T=80,W=600","P=120,T=80,W=600","P=120,T=80,W=600","P=120,T=80,W=600","P=120,T=80,W=600","P=120,T=80,W=600","P=120,T=80,W=600","P=120,T=80,W=600"
4,9,1.041585,1.007862,0.757254,0.250608,empirical,"P=120,T=80,W=600","P=120,T=80,W=600","P=120,T=80,W=600","P=120,T=80,W=600","P=120,T=80,W=600","P=120,T=80,W=600","P=120,T=80,W=600","P=120,T=80,W=600"
4,10,2.162916,2.685629,2.066606,0.619023,empirical,"P=120,T=80,W=600","P=120,T=80,W=600","P=120,T=80,W=600","P=120,T=80,W=600","P=120,T=80,W=600","P=120,T=80,W=600","P=120,T=80,W=600","P=120,T=80,W=600"
4,12,1.399261,1.705866,0.251937,1.453929,empirical,"P=120,T=80,W=600","P=120,T=80,W=600","P=120,T=80,W=600","P=120,T=80,W=600","P=120,T=80,W=600","P=120,T=80,W=600","P=120,T=80,W=600","P=120,T=80,W=600"
4,14,1.15097,-0.655909,-0.665954,0.0100450000000001,empirical,"P=120,T=80,W=600","P=120,T=80,W=600","P=120,T=80,W=600","P=120,T=80,W=600","P=120,T=80,W=600","P=120,T=80,W=600","P=120,T=80,W=600","P=120,T=80,W=600"
5,1,1.551299,1.693896,0.722844,0.971052,empirical,"P=8,T=100,W=1100","P=8,T=100,W=1100","P=8,T=100,W=1100","P=8,T=100,W=1100","P=8,T=100,W=1100","P=8,T=100,W=1100","P=8,T=100,W=1100","P=8,T=100,W=1100"
5,2,1.73051,0.320051,0.214467,0.105584,empirical,"P=8,T=100,W=1100","P=8,T=100,W=1100","P=8,T=100,W=1100","P=8,T=100,W=1100","P=8,T=100,W=1100","P=8,T=100,W=1100","P=8,T=100,W=1100","P=8,T=100,W=1100"
5,3,2.15788,2.324286,1.215891,1.108395,empirical,"P=8,T=100,W=1100","P=8,T=100,W=1100","P=8,T=100,W=1100","P=8,T=100,W=1100","P=8,T=100,W=1100","P=8,T=100,W=1100","P=8,T=100,W=1100","P=8,T=100,W=1100"
5,4,1.776565,1.170112,0.388567,0.781545,empirical,"P=8,T=100,W=1100","P=8,T=100,W=1100","P=8,T=100,W=1100","P=8,T=100,W=1100","P=8,T=100,W=1100","P=8,T=100,W=1100","P=8,T=100,W=1100","P=8,T=100,W=1100"
5,5,1.957438,1.348181,0.900429,0.447752,empirical,"P=8,T=100,W=1100","P=8,T=100,W=1100","P=8,T=100,W=1100","P=8,T=100,W=1100","P=8,T=100,W=1100","P=8,T=100,W=1100","P=8,T=100,W=1100","P=8,T=100,W=1100"
5,6,2.114376,1.395406,1.090992,0.304414,empirical,"P=8,T=100,W=1100","P=8,T=100,W=1100","P=8,T=100,W=1100","P=8,T=100,W=1100","P=8,T=100,W=1100","P=8,T=100,W=1100","P=8,T=100,W=1100","P=8,T=100,W=1100"
5,7,2.324664,3.010576,1.664968,1.345608,empirical,"P=8,T=100,W=1100","P=8,T=100,W=1100","P=8,T=100,W=1100","P=8,T=100,W=1100","P=8,T=100,W=1100","P=8,T=100,W=1100","P=8,T=100,W=1100","P=8,T=100,W=1100"
5,8,1.570733,2.270531,0.350887,1.919644,empirical,"P=8,T=100,W=1100","P=8,T=100,W=1100","P=8,T=100,W=1100","P=8,T=100,W=1100","P=8,T=100,W=1100","P=8,T=100,W=1100","P=8,T=100,W=1100","P=8,T=100,W=1100"
5,10,1.449333,1.733681,1.082536,0.651145,empirical,"P=8,T=100,W=1100","P=8,T=100,W=1100","P=8,T=100,W=1100","P=8,T=100,W=1100","P=8,T=100,W=1100","P=8,T=100,W=1100","P=8,T=100,W=1100","P=8,T=100,W=1100"
5,11,1.214017,0.900298,-0.360024,1.260322,empirical,"P=8,T=100,W=1100","P=8,T=100,W=1100","P=8,T=100,W=1100","P=8,T=100,W=1100","P=8,T=100,W=1100","P=8,T=100,W=1100","P=8,T=100,W=1100","P=8,T=100,W=1100"
5,12,2.210593,2.2427,0.772893,1.469807,empirical,"P=8,T=100,W=1100","P=8,T=100,W=1100","P=8,T=100,W=1100","P=8,T=100,W=1100","P=8,T=100,W=1100","P=8,T=100,W=1100","P=8,T=100,W=1100","P=8,T=100,W=1100"
6,1,5.256375,3.915575,3.596566,0.319009,empirical,"P=120,T=500,W=1500","P=120,T=500,W=1500","P=120,T=500,W=1500","P=120,T=500,W=1500","P=120,T=500,W=1500","P=120,T=500,W=1500","P=120,T=500,W=1500","P=120,T=500,W=1500"
6,3,4.379293,2.898167,2.388768,0.509399,empirical,"P=120,T=500,W=1500","P=120,T=500,W=1500","P=120,T=500,W=1500","P=120,T=500,W=1500","P=120,T=500,W=1500","P=120,T=500,W=1500","P=120,T=500,W=1500","P=120,T=500,W=1500"
6,4,3.272533,2.261451,1.407597,0.853854,empirical,"P=120,T=500,W=1500","P=120,T=500,W=1500","P=120,T=500,W=1500","P=120,T=500,W=1500","P=120,T=500,W=1500","P=120,T=500,W=1500","P=120,T=500,W=1500","P=120,T=500,W=1500"
6,5,2.212774,1.369768,0.899761,0.470007,empirical,"P=120,T=500,W=1500","P=120,T=500,W=1500","P=120,T=500,W=1500","P=120,T=500,W=1500","P=120,T=500,W=1500","P=120,T=500,W=1500","P=120,T=500,W=1500","P=120,T=500,W=1500"
6,10,2.865166,2.190001,1.525293,0.664708,empirical,"P=120,T=500,W=1500","P=120,T=500,W=1500","P=120,T=500,W=1500","P=120,T=500,W=1500","P=120,T=500,W=1500","P=120,T=500,W=1500","P=120,T=500,W=1500","P=120,T=500,W=1500"
6,12,2.979256,2.126196,1.223056,0.90314,empirical,"P=120,T=500,W=1500","P=120,T=500,W=1500","P=120,T=500,W=1500","P=120,T=500,W=1500","P=120,T=500,W=1500","P=120,T=500,W=1500","P=120,T=500,W=1500","P=120,T=500,W=1500"
6,13,6.295582,4.29017,4.586671,-0.296501,empirical,"P=120,T=500,W=1500","P=120,T=500,W=1500","P=120,T=500,W=1500","P=120,T=500,W=1500","P=120,T=500,W=1500","P=120,T=500,W=1500","P=120,T=500,W=1500","P=120,T=500,W=1500"
6,15,2.248502,1.736246,0.99579,0.740456,empirical,"P=120,T=500,W=1500","P=120,T=500,W=1500","P=120,T=500,W=1500","P=120,T=500,W=1500","P=120,T=500,W=1500","P=120,T=500,W=1500","P=120,T=500,W=1500","P=120,T=500,W=1500"
6,16,2.873951,2.113795,1.989212,0.124583,empirical,"P=120,T=500,W=1500","P=120,T=500,W=1500","P=120,T=500,W=1500","P=120,T=500,W=1500","P=120,T=500,W=1500","P=120,T=500,W=1500","P=120,T=500,W=1500","P=120,T=500,W=1500"
1,1,0.524152,2.252599,0.26347,1.989129,empirical,"P=0,T=30,W=300","P=0,T=30,W=300","P=0,T=30,W=300","P=0,T=30,W=300","P=0,T=30,W=300","P=0,T=30,W=300","P=0,T=30,W=300","P=0,T=30,W=300"
1,2,0.577014,-0.389254,-0.000343,-0.388911,empirical,"P=0,T=30,W=300","P=0,T=30,W=300","P=0,T=30,W=300","P=0,T=30,W=300","P=0,T=30,W=300","P=0,T=30,W=300","P=0,T=30,W=300","P=0,T=30,W=300"
1,3,0.60725,2.124463,1.94349,0.180973,empirical,"P=0,T=30,W=300","P=0,T=30,W=300","P=0,T=30,W=300","P=0,T=30,W=300","P=0,T=30,W=300","P=0,T=30,W=300","P=0,T=30,W=300","P=0,T=30,W=300"
1,4,0.530125,2.652768,1.646687,1.006081,empirical,"P=0,T=30,W=300","P=0,T=30,W=300","P=0,T=30,W=300","P=0,T=30,W=300","P=0,T=30,W=300","P=0,T=30,W=300","P=0,T=30,W=300","P=0,T=30,W=300"
1,5,0.728156,4.195311,6.23189,-2.036579,empirical,"P=0,T=30,W=300","P=0,T=30,W=300","P=0,T=30,W=300","P=0,T=30,W=300","P=0,T=30,W=300","P=0,T=30,W=300","P=0,T=30,W=300","P=0,T=30,W=300"
1,6,0.571524,2.200811,2.829422,-0.628611,empirical,"P=0,T=30,W=300","P=0,T=30,W=300","P=0,T=30,W=300","P=0,T=30,W=300","P=0,T=30,W=300","P=0,T=30,W=300","P=0,T=30,W=300","P=0,T=30,W=300"
1,7,0.44717,0.272902,1.063864,-0.790962,empirical,"P=0,T=30,W=300","P=0,T=30,W=300","P=0,T=30,W=300","P=0,T=30,W=300","P=0,T=30,W=300","P=0,T=30,W=300","P=0,T=30,W=300","P=0,T=30,W=300"
1,8,0.612257,3.483761,3.634955,-0.151194,empirical,"P=0,T=30,W=300","P=0,T=30,W=300","P=0,T=30,W=300","P=0,T=30,W=300","P=0,T=30,W=300","P=0,T=30,W=300","P=0,T=30,W=300","P=0,T=30,W=300"
1,9,0.579398,2.80066,2.717278,0.0833820000000003,empirical,"P=0,T=30,W=300","P=0,T=30,W=300","P=0,T=30,W=300","P=0,T=30,W=300","P=0,T=30,W=300","P=0,T=30,W=300","P=0,T=30,W=300","P=0,T=30,W=300"
1,10,0.524207,-0.101323,0.189659,-0.290982,empirical,"P=0,T=30,W=300","P=0,T=30,W=300","P=0,T=30,W=300","P=0,T=30,W=300","P=0,T=30,W=300","P=0,T=30,W=300","P=0,T=30,W=300","P=0,T=30,W=300"
1,11,0.519356,0.769507,-0.090033,0.85954,empirical,"P=0,T=30,W=300","P=0,T=30,W=300","P=0,T=30,W=300","P=0,T=30,W=300","P=0,T=30,W=300","P=0,T=30,W=300","P=0,T=30,W=300","P=0,T=30,W=300"
2,1,0.819988,-0.296815,-0.090498,-0.206317,empirical,"P=0,T=30,W=600","P=0,T=30,W=600","P=0,T=30,W=600","P=0,T=30,W=600","P=0,T=30,W=600","P=0,T=30,W=600","P=0,T=30,W=600","P=0,T=30,W=600"
2,2,0.920807,-0.000058,-0.558929,0.558871,empirical,"P=0,T=30,W=600","P=0,T=30,W=600","P=0,T=30,W=600","P=0,T=30,W=600","P=0,T=30,W=600","P=0,T=30,W=600","P=0,T=30,W=600","P=0,T=30,W=600"
2,4,0.926337,0.376117,-0.701496,1.077613,empirical,"P=0,T=30,W=600","P=0,T=30,W=600","P=0,T=30,W=600","P=0,T=30,W=600","P=0,T=30,W=600","P=0,T=30,W=600","P=0,T=30,W=600","P=0,T=30,W=600"
2,5,0.811518,0.479283,0.226188,0.253095,empirical,"P=0,T=30,W=600","P=0,T=30,W=600","P=0,T=30,W=600","P=0,T=30,W=600","P=0,T=30,W=600","P=0,T=30,W=600","P=0,T=30,W=600","P=0,T=30,W=600"
2,7,0.564739,1.27355,0.751282,0.522268,empirical,"P=0,T=30,W=600","P=0,T=30,W=600","P=0,T=30,W=600","P=0,T=30,W=600","P=0,T=30,W=600","P=0,T=30,W=600","P=0,T=30,W=600","P=0,T=30,W=600"
2,8,1.169361,0.550258,-0.545636,1.095894,empirical,"P=0,T=30,W=600","P=0,T=30,W=600","P=0,T=30,W=600","P=0,T=30,W=600","P=0,T=30,W=600","P=0,T=30,W=600","P=0,T=30,W=600","P=0,T=30,W=600"
2,9,1.356127,1.583322,0.507402,1.07592,empirical,"P=0,T=30,W=600","P=0,T=30,W=600","P=0,T=30,W=600","P=0,T=30,W=600","P=0,T=30,W=600","P=0,T=30,W=600","P=0,T=30,W=600","P=0,T=30,W=600"
2,10,0.870094,1.235056,0.343179,0.891877,empirical,"P=0,T=30,W=600","P=0,T=30,W=600","P=0,T=30,W=600","P=0,T=30,W=600","P=0,T=30,W=600","P=0,T=30,W=600","P=0,T=30,W=600","P=0,T=30,W=600"
2,11,1.192035,0.397974,-0.211624,0.609598,empirical,"P=0,T=30,W=600","P=0,T=30,W=600","P=0,T=30,W=600","P=0,T=30,W=600","P=0,T=30,W=600","P=0,T=30,W=600","P=0,T=30,W=600","P=0,T=30,W=600"
2,12,0.788977,1.178,2.426032,-1.248032,empirical,"P=0,T=30,W=600","P=0,T=30,W=600","P=0,T=30,W=600","P=0,T=30,W=600","P=0,T=30,W=600","P=0,T=30,W=600","P=0,T=30,W=600","P=0,T=30,W=600"
3,1,1.038559,1.541858,0.539017,1.002841,empirical,"P=120,T=30,W=600","P=120,T=30,W=600","P=120,T=30,W=600","P=120,T=30,W=600","P=120,T=30,W=600","P=120,T=30,W=600","P=120,T=30,W=600","P=120,T=30,W=600"
3,2,1.152227,0.346382,-0.300815,0.647197,empirical,"P=120,T=30,W=600","P=120,T=30,W=600","P=120,T=30,W=600","P=120,T=30,W=600","P=120,T=30,W=600","P=120,T=30,W=600","P=120,T=30,W=600","P=120,T=30,W=600"
3,3,0.538259,-0.31745,0.786711,-1.104161,empirical,"P=120,T=30,W=600","P=120,T=30,W=600","P=120,T=30,W=600","P=120,T=30,W=600","P=120,T=30,W=600","P=120,T=30,W=600","P=120,T=30,W=600","P=120,T=30,W=600"
3,4,1.152946,1.280322,0.628381,0.651941,empirical,"P=120,T=30,W=600","P=120,T=30,W=600","P=120,T=30,W=600","P=120,T=30,W=600","P=120,T=30,W=600","P=120,T=30,W=600","P=120,T=30,W=600","P=120,T=30,W=600"
3,5,0.629504,0.223637,0.081647,0.14199,empirical,"P=120,T=30,W=600","P=120,T=30,W=600","P=120,T=30,W=600","P=120,T=30,W=600","P=120,T=30,W=600","P=120,T=30,W=600","P=120,T=30,W=600","P=120,T=30,W=600"
3,6,1.05496,0.816641,0.135581,0.68106,empirical,"P=120,T=30,W=600","P=120,T=30,W=600","P=120,T=30,W=600","P=120,T=30,W=600","P=120,T=30,W=600","P=120,T=30,W=600","P=120,T=30,W=600","P=120,T=30,W=600"
3,7,1.191752,1.604073,-0.543106,2.147179,empirical,"P=120,T=30,W=600","P=120,T=30,W=600","P=120,T=30,W=600","P=120,T=30,W=600","P=120,T=30,W=600","P=120,T=30,W=600","P=120,T=30,W=600","P=120,T=30,W=600"
3,8,0.836237,-0.189792,-0.622333,0.432541,empirical,"P=120,T=30,W=600","P=120,T=30,W=600","P=120,T=30,W=600","P=120,T=30,W=600","P=120,T=30,W=600","P=120,T=30,W=600","P=120,T=30,W=600","P=120,T=30,W=600"
3,10,0.764334,-0.030398,-0.773112,0.742714,empirical,"P=120,T=30,W=600","P=120,T=30,W=600","P=120,T=30,W=600","P=120,T=30,W=600","P=120,T=30,W=600","P=120,T=30,W=600","P=120,T=30,W=600","P=120,T=30,W=600"
3,12,0.845636,0.674918,-0.483735,1.158653,empirical,"P=120,T=30,W=600","P=120,T=30,W=600","P=120,T=30,W=600","P=120,T=30,W=600","P=120,T=30,W=600","P=120,T=30,W=600","P=120,T=30,W=600","P=120,T=30,W=600"
4,1,1.208109,1.080029,1.010493,0.0695359999999998,empirical,"P=120,T=80,W=600","P=120,T=80,W=600","P=120,T=80,W=600","P=120,T=80,W=600","P=120,T=80,W=600","P=120,T=80,W=600","P=120,T=80,W=600","P=120,T=80,W=600"
4,2,1.148016,1.355572,-0.48298,1.838552,empirical,"P=120,T=80,W=600","P=120,T=80,W=600","P=120,T=80,W=600","P=120,T=80,W=600","P=120,T=80,W=600","P=120,T=80,W=600","P=120,T=80,W=600","P=120,T=80,W=600"
4,5,1.822757,3.225781,2.171415,1.054366,empirical,"P=120,T=80,W=600","P=120,T=80,W=600","P=120,T=80,W=600","P=120,T=80,W=600","P=120,T=80,W=600","P=120,T=80,W=600","P=120,T=80,W=600","P=120,T=80,W=600"
4,6,1.447209,1.734321,-0.177897,1.912218,empirical,"P=120,T=80,W=600","P=120,T=80,W=600","P=120,T=80,W=600","P=120,T=80,W=600","P=120,T=80,W=600","P=120,T=80,W=600","P=120,T=80,W=600","P=120,T=80,W=600"
4,7,1.732059,2.636808,0.904584,1.732224,empirical,"P=120,T=80,W=600","P=120,T=80,W=600","P=120,T=80,W=600","P=120,T=80,W=600","P=120,T=80,W=600","P=120,T=80,W=600","P=120,T=80,W=600","P=120,T=80,W=600"
4,8,1.677258,2.101683,0.780998,1.320685,empirical,"P=120,T=80,W=600","P=120,T=80,W=600","P=120,T=80,W=600","P=120,T=80,W=600","P=120,T=80,W=600","P=120,T=80,W=600","P=120,T=80,W=600","P=120,T=80,W=600"
4,9,1.041585,1.007862,0.757254,0.250608,empirical,"P=120,T=80,W=600","P=120,T=80,W=600","P=120,T=80,W=600","P=120,T=80,W=600","P=120,T=80,W=600","P=120,T=80,W=600","P=120,T=80,W=600","P=120,T=80,W=600"
4,10,2.162916,2.685629,2.066606,0.619023,empirical,"P=120,T=80,W=600","P=120,T=80,W=600","P=120,T=80,W=600","P=120,T=80,W=600","P=120,T=80,W=600","P=120,T=80,W=600","P=120,T=80,W=600","P=120,T=80,W=600"
4,12,1.399261,1.705866,0.251937,1.453929,empirical,"P=120,T=80,W=600","P=120,T=80,W=600","P=120,T=80,W=600","P=120,T=80,W=600","P=120,T=80,W=600","P=120,T=80,W=600","P=120,T=80,W=600","P=120,T=80,W=600"
4,14,1.15097,-0.655909,-0.665954,0.0100450000000001,empirical,"P=120,T=80,W=600","P=120,T=80,W=600","P=120,T=80,W=600","P=120,T=80,W=600","P=120,T=80,W=600","P=120,T=80,W=600","P=120,T=80,W=600","P=120,T=80,W=600"
5,1,1.551299,1.693896,0.722844,0.971052,empirical,"P=8,T=100,W=1100","P=8,T=100,W=1100","P=8,T=100,W=1100","P=8,T=100,W=1100","P=8,T=100,W=1100","P=8,T=100,W=1100","P=8,T=100,W=1100","P=8,T=100,W=1100"
5,2,1.73051,0.320051,0.214467,0.105584,empirical,"P=8,T=100,W=1100","P=8,T=100,W=1100","P=8,T=100,W=1100","P=8,T=100,W=1100","P=8,T=100,W=1100","P=8,T=100,W=1100","P=8,T=100,W=1100","P=8,T=100,W=1100"
5,3,2.15788,2.324286,1.215891,1.108395,empirical,"P=8,T=100,W=1100","P=8,T=100,W=1100","P=8,T=100,W=1100","P=8,T=100,W=1100","P=8,T=100,W=1100","P=8,T=100,W=1100","P=8,T=100,W=1100","P=8,T=100,W=1100"
5,4,1.776565,1.170112,0.388567,0.781545,empirical,"P=8,T=100,W=1100","P=8,T=100,W=1100","P=8,T=100,W=1100","P=8,T=100,W=1100","P=8,T=100,W=1100","P=8,T=100,W=1100","P=8,T=100,W=1100","P=8,T=100,W=1100"
5,5,1.957438,1.348181,0.900429,0.447752,empirical,"P=8,T=100,W=1100","P=8,T=100,W=1100","P=8,T=100,W=1100","P=8,T=100,W=1100","P=8,T=100,W=1100","P=8,T=100,W=1100","P=8,T=100,W=1100","P=8,T=100,W=1100"
5,6,2.114376,1.395406,1.090992,0.304414,empirical,"P=8,T=100,W=1100","P=8,T=100,W=1100","P=8,T=100,W=1100","P=8,T=100,W=1100","P=8,T=100,W=1100","P=8,T=100,W=1100","P=8,T=100,W=1100","P=8,T=100,W=1100"
5,7,2.324664,3.010576,1.664968,1.345608,empirical,"P=8,T=100,W=1100","P=8,T=100,W=1100","P=8,T=100,W=1100","P=8,T=100,W=1100","P=8,T=100,W=1100","P=8,T=100,W=1100","P=8,T=100,W=1100","P=8,T=100,W=1100"
5,8,1.570733,2.270531,0.350887,1.919644,empirical,"P=8,T=100,W=1100","P=8,T=100,W=1100","P=8,T=100,W=1100","P=8,T=100,W=1100","P=8,T=100,W=1100","P=8,T=100,W=1100","P=8,T=100,W=1100","P=8,T=100,W=1100"
5,10,1.449333,1.733681,1.082536,0.651145,empirical,"P=8,T=100,W=1100","P=8,T=100,W=1100","P=8,T=100,W=1100","P=8,T=100,W=1100","P=8,T=100,W=1100","P=8,T=100,W=1100","P=8,T=100,W=1100","P=8,T=100,W=1100"
5,11,1.214017,0.900298,-0.360024,1.260322,empirical,"P=8,T=100,W=1100","P=8,T=100,W=1100","P=8,T=100,W=1100","P=8,T=100,W=1100","P=8,T=100,W=1100","P=8,T=100,W=1100","P=8,T=100,W=1100","P=8,T=100,W=1100"
5,12,2.210593,2.2427,0.772893,1.469807,empirical,"P=8,T=100,W=1100","P=8,T=100,W=1100","P=8,T=100,W=1100","P=8,T=100,W=1100","P=8,T=100,W=1100","P=8,T=100,W=1100","P=8,T=100,W=1100","P=8,T=100,W=1100"
6,1,5.256375,3.915575,3.596566,0.319009,empirical,"P=120,T=500,W=1500","P=120,T=500,W=1500","P=120,T=500,W=1500","P=120,T=500,W=1500","P=120,T=500,W=1500","P=120,T=500,W=1500","P=120,T=500,W=1500","P=120,T=500,W=1500"
6,3,4.379293,2.898167,2.388768,0.509399,empirical,"P=120,T=500,W=1500","P=120,T=500,W=1500","P=120,T=500,W=1500","P=120,T=500,W=1500","P=120,T=500,W=1500","P=120,T=500,W=1500","P=120,T=500,W=1500","P=120,T=500,W=1500"
6,4,3.272533,2.261451,1.407597,0.853854,empirical,"P=120,T=500,W=1500","P=120,T=500,W=1500","P=120,T=500,W=1500","P=120,T=500,W=1500","P=120,T=500,W=1500","P=120,T=500,W=1500","P=120,T=500,W=1500","P=120,T=500,W=1500"
6,5,2.212774,1.369768,0.899761,0.470007,empirical,"P=120,T=500,W=1500","P=120,T=500,W=1500","P=120,T=500,W=1500","P=120,T=500,W=1500","P=120,T=500,W=1500","P=120,T=500,W=1500","P=120,T=500,W=1500","P=120,T=500,W=1500"
6,10,2.865166,2.190001,1.525293,0.664708,empirical,"P=120,T=500,W=1500","P=120,T=500,W=1500","P=120,T=500,W=1500","P=120,T=500,W=1500","P=120,T=500,W=1500","P=120,T=500,W=1500","P=120,T=500,W=1500","P=120,T=500,W=1500"
6,12,2.979256,2.126196,1.223056,0.90314,empirical,"P=120,T=500,W=1500","P=120,T=500,W=1500","P=120,T=500,W=1500","P=120,T=500,W=1500","P=120,T=500,W=1500","P=120,T=500,W=1500","P=120,T=500,W=1500","P=120,T=500,W=1500"
6,13,6.295582,4.29017,4.586671,-0.296501,empirical,"P=120,T=500,W=1500","P=120,T=500,W=1500","P=120,T=500,W=1500","P=120,T=500,W=1500","P=120,T=500,W=1500","P=120,T=500,W=1500","P=120,T=500,W=1500","P=120,T=500,W=1500"
6,15,2.248502,1.736246,0.99579,0.740456,empirical,"P=120,T=500,W=1500","P=120,T=500,W=1500","P=120,T=500,W=1500","P=120,T=500,W=1500","P=120,T=500,W=1500","P=120,T=500,W=1500","P=120,T=500,W=1500","P=120,T=500,W=1500"
6,16,2.873951,2.113795,1.989212,0.124583,empirical,"P=120,T=500,W=1500","P=120,T=500,W=1500","P=120,T=500,W=1500","P=120,T=500,W=1500","P=120,T=500,W=1500","P=120,T=500,W=1500","P=120,T=500,W=1500","P=120,T=500,W=1500"
7,1,1.524586,2.478611,0.619169,1.859442,empirical,"P=120,T=30,W=800","P=120,T=30,W=800","P=120,T=30,W=800","P=120,T=30,W=800","P=120,T=30,W=800","P=120,T=30,W=800","P=120,T=30,W=800","P=120,T=30,W=800"
7,2,1.530613,1.279742,0.123214,1.156528,empirical,"P=120,T=30,W=800","P=120,T=30,W=800","P=120,T=30,W=800","P=120,T=30,W=800","P=120,T=30,W=800","P=120,T=30,W=800","P=120,T=30,W=800","P=120,T=30,W=800"
7,3,1.19882,1.948143,0.69534,1.252803,empirical,"P=120,T=30,W=800","P=120,T=30,W=800","P=120,T=30,W=800","P=120,T=30,W=800","P=120,T=30,W=800","P=120,T=30,W=800","P=120,T=30,W=800","P=120,T=30,W=800"
7,4,1.464767,1.347779,-0.1205,1.468279,empirical,"P=120,T=30,W=800","P=120,T=30,W=800","P=120,T=30,W=800","P=120,T=30,W=800","P=120,T=30,W=800","P=120,T=30,W=800","P=120,T=30,W=800","P=120,T=30,W=800"
7,5,1.430638,1.446646,-0.301069,1.747715,empirical,"P=120,T=30,W=800","P=120,T=30,W=800","P=120,T=30,W=800","P=120,T=30,W=800","P=120,T=30,W=800","P=120,T=30,W=800","P=120,T=30,W=800","P=120,T=30,W=800"
7,6,1.790282,1.516837,0.709405,0.807432,empirical,"P=120,T=30,W=800","P=120,T=30,W=800","P=120,T=30,W=800","P=120,T=30,W=800","P=120,T=30,W=800","P=120,T=30,W=800","P=120,T=30,W=800","P=120,T=30,W=800"
7,7,0.873128,-0.515158,-0.405964,-0.109194,empirical,"P=120,T=30,W=800","P=120,T=30,W=800","P=120,T=30,W=800","P=120,T=30,W=800","P=120,T=30,W=800","P=120,T=30,W=800","P=120,T=30,W=800","P=120,T=30,W=800"
7,8,1.193639,0.275734,0.650042,-0.374308,empirical,"P=120,T=30,W=800","P=120,T=30,W=800","P=120,T=30,W=800","P=120,T=30,W=800","P=120,T=30,W=800","P=120,T=30,W=800","P=120,T=30,W=800","P=120,T=30,W=800"
7,9,0.946459,1.121045,0.018665,1.10238,empirical,"P=120,T=30,W=800","P=120,T=30,W=800","P=120,T=30,W=800","P=120,T=30,W=800","P=120,T=30,W=800","P=120,T=30,W=800","P=120,T=30,W=800","P=120,T=30,W=800"
7,10,1.507295,1.304408,0.087057,1.217351,empirical,"P=120,T=30,W=800","P=120,T=30,W=800","P=120,T=30,W=800","P=120,T=30,W=800","P=120,T=30,W=800","P=120,T=30,W=800","P=120,T=30,W=800","P=120,T=30,W=800"
7,11,1.301485,0.67388,0.019168,0.654712,empirical,"P=120,T=30,W=800","P=120,T=30,W=800","P=120,T=30,W=800","P=120,T=30,W=800","P=120,T=30,W=800","P=120,T=30,W=800","P=120,T=30,W=800","P=120,T=30,W=800"
7,12,1.597216,1.931082,1.413038,0.518044,empirical,"P=120,T=30,W=800","P=120,T=30,W=800","P=120,T=30,W=800","P=120,T=30,W=800","P=120,T=30,W=800","P=120,T=30,W=800","P=120,T=30,W=800","P=120,T=30,W=800"
8,1,1.962313,2.213876,1.78727,0.426606,empirical,"P=120,T=80,W=800","P=120,T=80,W=800","P=120,T=80,W=800","P=120,T=80,W=800","P=120,T=80,W=800","P=120,T=80,W=800","P=120,T=80,W=800","P=120,T=80,W=800"
8,2,1.515316,1.068822,0.175606,0.893216,empirical,"P=120,T=80,W=800","P=120,T=80,W=800","P=120,T=80,W=800","P=120,T=80,W=800","P=120,T=80,W=800","P=120,T=80,W=800","P=120,T=80,W=800","P=120,T=80,W=800"
8,3,1.879083,2.169156,0.967287,1.201869,empirical,"P=120,T=80,W=800","P=120,T=80,W=800","P=120,T=80,W=800","P=120,T=80,W=800","P=120,T=80,W=800","P=120,T=80,W=800","P=120,T=80,W=800","P=120,T=80,W=800"
8,4,2.095686,2.483823,1.593889,0.889934,empirical,"P=120,T=80,W=800","P=120,T=80,W=800","P=120,T=80,W=800","P=120,T=80,W=800","P=120,T=80,W=800","P=120,T=80,W=800","P=120,T=80,W=800","P=120,T=80,W=800"
8,5,2.012774,2.337472,1.880066,0.457406,empirical,"P=120,T=80,W=800","P=120,T=80,W=800","P=120,T=80,W=800","P=120,T=80,W=800","P=120,T=80,W=800","P=120,T=80,W=800","P=120,T=80,W=800","P=120,T=80,W=800"
8,6,2.201414,2.619482,1.381429,1.238053,empirical,"P=120,T=80,W=800","P=120,T=80,W=800","P=120,T=80,W=800","P=120,T=80,W=800","P=120,T=80,W=800","P=120,T=80,W=800","P=120,T=80,W=800","P=120,T=80,W=800"
8,7,2.198273,2.540527,2.115335,0.425192,empirical,"P=120,T=80,W=800","P=120,T=80,W=800","P=120,T=80,W=800","P=120,T=80,W=800","P=120,T=80,W=800","P=120,T=80,W=800","P=120,T=80,W=800","P=120,T=80,W=800"
8,8,0.922037,-0.144271,-0.107173,-0.037098,empirical,"P=120,T=80,W=800","P=120,T=80,W=800","P=120,T=80,W=800","P=120,T=80,W=800","P=120,T=80,W=800","P=120,T=80,W=800","P=120,T=80,W=800","P=120,T=80,W=800"
8,10,1.742663,1.513975,1.14443,0.369545,empirical,"P=120,T=80,W=800","P=120,T=80,W=800","P=120,T=80,W=800","P=120,T=80,W=800","P=120,T=80,W=800","P=120,T=80,W=800","P=120,T=80,W=800","P=120,T=80,W=800"
8,11,1.751555,1.544391,0.623901,0.92049,empirical,"P=120,T=80,W=800","P=120,T=80,W=800","P=120,T=80,W=800","P=120,T=80,W=800","P=120,T=80,W=800","P=120,T=80,W=800","P=120,T=80,W=800","P=120,T=80,W=800"
8,12,1.493402,1.382022,0.94899,0.433032,empirical,"P=120,T=80,W=800","P=120,T=80,W=800","P=120,T=80,W=800","P=120,T=80,W=800","P=120,T=80,W=800","P=120,T=80,W=800","P=120,T=80,W=800","P=120,T=80,W=800"
